stock_ticker,Date,Open,High,Low,Close,Adj Close,Volume
ELMS,2021-06-16,9.96,10.0,9.96,9.97,9.97,566400
ELMS,2021-06-17,9.99,10.0,9.97,9.98,9.98,1054600
ELMS,2021-06-18,9.98,10.0,9.97,9.98,9.98,2113500
ELMS,2021-06-21,9.99,10.09,9.05,9.99,9.99,2188600
ELMS,2021-06-22,9.95,10.0,9.59,10.0,10.0,708300
ELMS,2021-06-23,9.95,10.88,9.86,10.18,10.18,1776200
ELMS,2021-06-24,10.33,10.33,9.916,9.99,9.99,891900
ELMS,2021-06-25,10.1,10.38,10.05,10.19,10.19,452800
ELMS,2021-06-28,11.103,12.0,10.25,11.56,11.56,1840400
ELMS,2021-06-29,11.8,11.8,10.71,10.75,10.75,787100
ELMS,2021-06-30,10.96,10.96,9.86,10.08,10.08,727700
ELMS,2021-07-01,10.395,10.61,10.1,10.54,10.54,452600
ELMS,2021-07-02,10.59,10.62,10.37,10.46,10.46,192000
ELMS,2021-07-06,10.42,10.42,10.0,10.11,10.11,376500
ELMS,2021-07-07,10.1,10.19,9.32,9.74,9.74,589300
ELMS,2021-07-08,9.61,9.61,9.1,9.15,9.15,486600
ELMS,2021-07-09,9.31,9.77,9.07,9.72,9.72,426800
ELMS,2021-07-12,10.0,10.29,9.7,10.25,10.25,247000
ELMS,2021-07-13,10.48,10.75,10.17,10.49,10.49,625000
ELMS,2021-07-14,10.86,10.89,10.25,10.7,10.7,353700
ELMS,2021-07-15,10.68,10.68,10.1,10.42,10.42,294500
ELMS,2021-07-16,10.43,10.49,9.875,10.0,10.0,309200
ELMS,2021-07-19,9.76,9.847,9.4,9.78,9.78,347800
ELMS,2021-07-20,10.0,10.15,9.39,9.39,9.39,448800
ELMS,2021-07-21,9.5,9.77,9.46,9.57,9.57,376600
ELMS,2021-07-22,9.75,9.759,9.13,9.14,9.14,314800
ELMS,2021-07-23,9.34,9.368,9.11,9.12,9.12,141100
ELMS,2021-07-26,9.06,9.21,8.78,8.81,8.81,397600
ELMS,2021-07-27,9.07,9.22,8.53,8.72,8.72,266500
ELMS,2021-07-28,8.86,9.0,8.49,8.63,8.63,272500
ELMS,2021-07-29,8.55,8.68,8.55,8.58,8.58,207300
ELMS,2021-07-30,8.49,8.6,8.04,8.12,8.12,327400
ELMS,2021-08-02,8.12,8.66,8.12,8.42,8.42,206000
ELMS,2021-08-03,8.27,8.69,8.2,8.68,8.68,422500
ELMS,2021-08-04,8.69,9.05,8.6,9.01,9.01,329500
ELMS,2021-08-05,9.18,9.95,9.15,9.89,9.89,398000
ELMS,2021-08-06,10.4,10.47,8.77,8.99,8.99,591800
ELMS,2021-08-09,9.22,9.264,8.13,8.81,8.81,3599300
ELMS,2021-08-10,8.85,9.05,8.75,8.8,8.8,545300
ELMS,2021-08-11,8.98,9.12,8.57,9.0,9.0,678800
ELMS,2021-08-12,8.86,9.0,8.5,8.55,8.55,1010400
ELMS,2021-08-13,8.57,8.84,8.34,8.66,8.66,553000
ELMS,2021-08-16,8.55,8.66,7.89,7.95,7.95,1068000
ELMS,2021-08-17,7.84,8.36,7.62,7.92,7.92,680700
ELMS,2021-08-18,7.85,8.2,7.8,8.09,8.09,360600
ELMS,2021-08-19,7.88,8.23,7.58,7.67,7.67,522300
ELMS,2021-08-20,7.72,7.95,7.33,7.47,7.47,899500
ELMS,2021-08-23,7.58,7.58,7.26,7.28,7.28,886700
ELMS,2021-08-24,7.49,7.55,7.35,7.43,7.43,618400
ELMS,2021-08-25,7.32,7.74,7.291,7.63,7.63,1062000
ELMS,2021-08-26,7.63,7.71,7.38,7.7,7.7,616900
ELMS,2021-08-27,7.71,7.84,7.52,7.74,7.74,635200
ELMS,2021-08-30,7.7,7.706,7.35,7.57,7.57,497500
ELMS,2021-08-31,7.62,8.1,7.59,7.96,7.96,595100
ELMS,2021-09-01,7.96,8.15,7.85,8.0,8.0,415900
ELMS,2021-09-02,8.09,8.4,7.9,8.4,8.4,514800
ELMS,2021-09-03,8.35,8.63,8.3,8.56,8.56,493300
ELMS,2021-09-07,8.69,8.72,8.05,8.18,8.18,622400
ELMS,2021-09-08,8.21,8.43,8.12,8.33,8.33,410700
ELMS,2021-09-09,8.25,8.59,8.23,8.42,8.42,287500
ELMS,2021-09-10,8.65,8.67,8.14,8.16,8.16,456300
ELMS,2021-09-13,8.22,8.29,7.97,8.14,8.14,397300
ELMS,2021-09-14,8.12,8.3,7.88,7.91,7.91,310900
ELMS,2021-09-15,7.9,8.09,7.62,7.63,7.63,926700
ELMS,2021-09-16,7.69,7.79,7.51,7.51,7.51,800700
ELMS,2021-09-17,7.52,7.65,7.42,7.45,7.45,2811900
ELMS,2021-09-20,7.3,7.87,7.26,7.39,7.39,868900
ELMS,2021-09-21,7.53,7.65,7.16,7.16,7.16,653800
ELMS,2021-09-22,7.56,8.059,7.43,7.9,7.9,1125400
ELMS,2021-09-23,7.92,8.019,7.65,7.95,7.95,639200
ELMS,2021-09-24,7.92,7.92,7.62,7.64,7.64,409700
ELMS,2021-09-27,7.62,8.0,7.53,7.89,7.89,399400
ELMS,2021-09-28,7.81,7.92,7.55,7.69,7.69,266000
ELMS,2021-09-29,7.72,8.04,7.66,7.66,7.66,476400
ELMS,2021-09-30,7.72,7.75,7.28,7.39,7.39,812400
ELMS,2021-10-01,7.44,7.499,7.17,7.2,7.2,554500
ELMS,2021-10-04,7.26,7.26,6.81,6.82,6.82,591400
ELMS,2021-10-05,6.88,6.88,6.65,6.74,6.74,396000
ELMS,2021-10-06,6.73,6.79,6.43,6.58,6.58,476700
ELMS,2021-10-07,6.7,7.05,6.6,6.87,6.87,752400
ELMS,2021-10-08,7.079,7.079,6.66,6.91,6.91,427400
ELMS,2021-10-11,6.85,6.85,6.56,6.58,6.58,379000
ELMS,2021-10-12,6.67,6.74,6.47,6.72,6.72,345600
ELMS,2021-10-13,6.82,7.1,6.65,7.09,7.09,378600
ELMS,2021-10-14,7.2,7.65,7.16,7.59,7.59,712900
ELMS,2021-10-15,7.58,7.666,7.11,7.26,7.26,454700
ELMS,2021-10-18,7.29,7.55,7.2,7.33,7.33,532600
ELMS,2021-10-19,7.43,7.43,7.22,7.26,7.26,267300
ELMS,2021-10-20,7.22,7.58,7.22,7.4,7.4,261100
ELMS,2021-10-21,7.4,7.54,7.16,7.2,7.2,339700
ELMS,2021-10-22,7.15,7.2,7.02,7.13,7.13,322600
ELMS,2021-10-25,7.14,8.39,7.14,8.38,8.38,1087300
ELMS,2021-10-26,8.4,8.57,8.17,8.38,8.38,683900
ELMS,2021-10-27,8.24,8.37,8.04,8.09,8.09,438600
ELMS,2021-10-28,8.13,8.679,7.96,8.61,8.61,819200
ELMS,2021-10-29,8.65,9.17,8.65,8.87,8.87,873700
ELMS,2021-11-01,8.93,9.2,8.52,8.58,8.58,737800
ELMS,2021-11-02,8.58,8.59,8.09,8.24,8.24,425000
ELMS,2021-11-03,8.34,8.34,7.72,7.92,7.92,791700
ELMS,2021-11-04,8.0,8.36,7.76,8.31,8.31,520800
ELMS,2021-11-05,8.25,8.255,7.95,8.03,8.03,374000
ELMS,2021-11-08,8.303,8.76,8.16,8.76,8.76,870000
ELMS,2021-11-09,8.81,9.0,8.432,8.56,8.56,628500
ELMS,2021-11-10,8.5,8.6,8.13,8.39,8.39,635500
ELMS,2021-11-11,7.95,9.17,7.52,8.99,8.99,1516000
ELMS,2021-11-12,8.891,9.49,8.89,9.01,9.01,665500
ELMS,2021-11-15,9.03,9.099,8.655,8.98,8.98,716600
ELMS,2021-11-16,8.905,9.2,8.63,8.8,8.8,419000
ELMS,2021-11-17,8.87,8.895,8.5,8.62,8.62,350600
ELMS,2021-11-18,8.65,8.65,8.025,8.19,8.19,522500
ELMS,2021-11-19,8.06,8.47,8.05,8.44,8.44,601300
ELMS,2021-11-22,8.44,8.44,7.85,8.11,8.11,402000
ELMS,2021-11-23,8.005,8.23,7.46,7.83,7.83,594600
ELMS,2021-11-24,7.79,8.22,7.41,8.19,8.19,408600
ELMS,2021-11-26,8.02,8.11,7.8,7.95,7.95,170900
ELMS,2021-11-29,8.08,8.1,7.79,7.83,7.83,296100
ELMS,2021-11-30,7.67,7.99,7.42,7.93,7.93,1220600
ELMS,2021-12-01,7.986,8.175,7.78,7.84,7.84,465800
ELMS,2021-12-02,7.92,7.92,7.3,7.47,7.47,448000
ELMS,2021-12-03,7.55,7.55,7.05,7.2,7.2,528800
ELMS,2021-12-06,7.13,7.16,6.53,7.15,7.15,742800
ELMS,2021-12-07,7.32,7.37,7.02,7.13,7.13,334100
ELMS,2021-12-08,7.07,7.47,6.95,7.42,7.42,263800
ELMS,2021-12-09,7.43,7.46,7.19,7.23,7.23,211600
ELMS,2021-12-10,7.31,7.42,7.153,7.2,7.2,258100
ELMS,2021-12-13,7.2,7.682,7.18,7.47,7.47,444300
ELMS,2021-12-14,7.43,7.6,7.09,7.15,7.15,290100
ELMS,2021-12-15,7.14,7.44,6.9,7.32,7.32,410100
ELMS,2021-12-16,7.43,7.6,7.05,7.07,7.07,393000
ELMS,2021-12-17,7.05,7.2,6.88,6.98,6.98,999900
ELMS,2021-12-20,6.78,6.795,6.29,6.31,6.31,597300
ELMS,2021-12-21,6.35,6.551,6.31,6.49,6.49,286900
ELMS,2021-12-22,6.56,6.84,6.501,6.75,6.75,271900
ELMS,2021-12-23,6.74,6.91,6.64,6.79,6.79,210600
ELMS,2021-12-27,6.825,6.85,6.59,6.63,6.63,276700
ELMS,2021-12-28,6.53,6.69,6.47,6.61,6.61,302400
ELMS,2021-12-29,6.53,6.53,6.15,6.15,6.15,484200
ELMS,2021-12-30,6.1,7.1,6.1,7.0,7.0,935100
ELMS,2021-12-31,6.85,7.15,6.85,7.03,7.03,483900
ELMS,2022-01-03,7.11,7.21,6.92,6.93,6.93,464000
ELMS,2022-01-04,6.89,7.02,6.67,6.81,6.81,223700
ELMS,2022-01-05,6.86,6.99,6.54,6.54,6.54,250100
ELMS,2022-01-06,6.54,6.76,6.34,6.65,6.65,260600
ELMS,2022-01-07,6.64,6.75,6.38,6.42,6.42,145300
ELMS,2022-01-10,6.33,6.38,6.03,6.33,6.33,447700
ELMS,2022-01-11,6.39,6.79,6.31,6.68,6.68,231500
ELMS,2022-01-12,6.9,6.95,6.68,6.78,6.78,158700
ELMS,2022-01-13,6.73,6.88,6.56,6.57,6.57,142400
ELMS,2022-01-14,6.59,6.68,6.26,6.53,6.53,238200
ELMS,2022-01-18,6.37,6.435,6.04,6.28,6.28,313000
ELMS,2022-01-19,6.39,6.395,6.06,6.11,6.11,248400
ELMS,2022-01-20,6.11,6.365,5.9,5.91,5.91,305100
ELMS,2022-01-21,5.82,5.89,5.55,5.63,5.63,442300
ELMS,2022-01-24,5.29,5.7,5.0,5.7,5.7,624800
ELMS,2022-01-25,5.39,5.62,5.285,5.35,5.35,251900
ELMS,2022-01-26,5.455,5.84,5.41,5.45,5.45,266000
ELMS,2022-01-27,5.797,5.797,4.67,4.7,4.7,526900
ELMS,2022-01-28,4.71,4.9,4.58,4.88,4.88,316900
ELMS,2022-01-31,4.9,5.3,4.9,5.21,5.21,358700
ELMS,2022-02-01,5.29,5.64,5.255,5.59,5.59,370700
ELMS,2022-02-02,3.7,4.03,2.63,2.71,2.71,9269500
ELMS,2022-02-03,2.5,2.53,2.23,2.36,2.36,5399800
ELMS,2022-02-04,2.32,2.36,2.24,2.28,2.28,2286100
ELMS,2022-02-07,2.26,2.33,2.0,2.08,2.08,3501900
ELMS,2022-02-08,2.0,2.08,1.82,2.06,2.06,3715800
ELMS,2022-02-09,2.06,2.43,2.042,2.39,2.39,2569900
ELMS,2022-02-10,2.26,2.4,2.2,2.2,2.2,1176700
ELMS,2022-02-11,2.24,2.259,2.1,2.13,2.13,744700
ELMS,2022-02-14,2.12,2.245,2.09,2.15,2.15,701800
ELMS,2022-02-15,2.17,2.27,2.17,2.21,2.21,934900
ELMS,2022-02-16,2.24,2.279,2.15,2.19,2.19,853600
ELMS,2022-02-17,2.16,2.2,2.05,2.05,2.05,452700
ELMS,2022-02-18,2.09,2.1,1.92,2.0,2.0,720200
ELMS,2022-02-22,1.97,2.06,1.94,1.99,1.99,496800
ELMS,2022-02-23,2.0,2.03,1.83,1.83,1.83,716400
ELMS,2022-02-24,1.7,2.05,1.7,2.05,2.05,831600
ELMS,2022-02-25,2.06,2.17,1.967,2.05,2.05,508900
ELMS,2022-02-28,1.99,2.18,1.96,2.18,2.18,795800
ELMS,2022-03-01,2.2,2.21,2.0,2.0,2.0,391200
ELMS,2022-03-02,2.02,2.134,1.98,2.1,2.1,356500
ELMS,2022-03-03,2.09,2.09,1.92,1.94,1.94,400700
ELMS,2022-03-04,1.94,1.96,1.78,1.79,1.79,559000
ELMS,2022-03-07,1.78,1.98,1.77,1.86,1.86,806900
ELMS,2022-03-08,1.86,2.05,1.76,2.02,2.02,956600
ELMS,2022-03-09,2.05,2.15,1.96,1.98,1.98,600300
ELMS,2022-03-10,1.94,2.02,1.88,2.01,2.01,475300
ELMS,2022-03-11,1.99,2.018,1.885,1.9,1.9,335200
ELMS,2022-03-14,1.4,1.42,0.9,0.994,0.994,6594000
ELMS,2022-03-15,0.981,1.08,0.92,0.962,0.962,2143000
ELMS,2022-03-16,0.978,1.08,0.97,1.05,1.05,1377900
ELMS,2022-03-17,1.08,1.36,1.01,1.25,1.25,2285900
ELMS,2022-03-18,1.23,1.49,1.22,1.33,1.33,2684500
ELMS,2022-03-21,1.38,1.4,1.25,1.27,1.27,1368400
ELMS,2022-03-22,1.32,1.39,1.27,1.33,1.33,1046700
ELMS,2022-03-23,1.35,1.41,1.276,1.34,1.34,991500
ELMS,2022-03-24,1.39,1.39,1.3,1.34,1.34,605500
ELMS,2022-03-25,1.33,1.35,1.27,1.28,1.28,784100
ELMS,2022-03-28,1.29,1.34,1.21,1.29,1.29,729600
ELMS,2022-03-29,1.32,1.61,1.312,1.58,1.58,1518800
ELMS,2022-03-30,1.61,1.63,1.51,1.54,1.54,1057000
ELMS,2022-03-31,1.54,1.54,1.38,1.43,1.43,780200
ELMS,2022-04-01,1.43,1.43,1.32,1.33,1.33,597900
ELMS,2022-04-04,1.38,1.52,1.33,1.52,1.52,784100
ELMS,2022-04-05,1.5,1.5,1.35,1.38,1.38,939100
ELMS,2022-04-06,1.34,1.44,1.25,1.31,1.31,478200
ELMS,2022-04-07,1.31,1.31,1.19,1.29,1.29,530500
ELMS,2022-04-08,1.26,1.26,1.17,1.22,1.22,666300
ELMS,2022-04-11,1.15,1.239,1.12,1.16,1.16,663600
ELMS,2022-04-12,1.17,1.21,1.12,1.15,1.15,369400
ELMS,2022-04-13,1.14,1.19,1.11,1.17,1.17,384200
ELMS,2022-04-14,1.15,1.2,1.09,1.12,1.12,529600
ELMS,2022-04-18,1.12,1.15,1.05,1.12,1.12,318600
ELMS,2022-04-19,1.14,1.15,1.09,1.13,1.13,234300
ELMS,2022-04-20,1.12,1.161,1.11,1.14,1.14,622000
ELMS,2022-04-21,1.18,1.18,1.04,1.06,1.06,427200
ELMS,2022-04-22,1.03,1.08,1.01,1.08,1.08,293800
ELMS,2022-04-25,1.03,1.15,1.02,1.09,1.09,403600
ELMS,2022-04-26,1.14,1.14,1.01,1.02,1.02,557200
ELMS,2022-04-27,1.05,1.05,0.9,0.925,0.925,802100
ELMS,2022-04-28,0.922,0.94,0.89,0.894,0.894,666100
ELMS,2022-04-29,0.92,0.942,0.89,0.92,0.92,384100
ELMS,2022-05-02,0.92,0.93,0.89,0.924,0.924,283600
ELMS,2022-05-03,0.91,0.925,0.87,0.894,0.894,473800
ELMS,2022-05-04,0.905,0.905,0.813,0.889,0.889,437100
ELMS,2022-05-05,0.88,0.908,0.83,0.863,0.863,325300
ELMS,2022-05-06,0.823,0.85,0.8,0.81,0.81,304600
ELMS,2022-05-09,0.81,0.86,0.71,0.727,0.727,462900
ELMS,2022-05-10,0.76,0.83,0.7,0.717,0.717,331900
ELMS,2022-05-11,0.724,0.724,0.647,0.659,0.659,464100
ELMS,2022-05-12,0.648,0.737,0.6,0.733,0.733,339300
ELMS,2022-05-13,0.774,0.83,0.74,0.764,0.764,311600
ELMS,2022-05-16,0.764,0.788,0.737,0.75,0.75,374200
ELMS,2022-05-17,0.75,0.87,0.75,0.849,0.849,391100
ELMS,2022-05-18,0.871,0.94,0.762,0.775,0.775,444500
ELMS,2022-05-19,0.775,0.775,0.7,0.72,0.72,395200
ELMS,2022-05-20,0.72,0.725,0.65,0.71,0.71,549100
ELMS,2022-05-23,0.725,0.725,0.663,0.695,0.695,327800
ELMS,2022-05-24,0.709,0.709,0.63,0.636,0.636,356100
ELMS,2022-05-25,0.63,0.643,0.601,0.622,0.622,291700
ELMS,2022-05-26,0.634,0.725,0.62,0.655,0.655,321800
ELMS,2022-05-27,0.67,0.72,0.67,0.71,0.71,321100
ELMS,2022-05-31,0.7,0.725,0.604,0.604,0.604,1253400
ELMS,2022-06-01,0.652,0.66,0.582,0.593,0.593,536300
ELMS,2022-06-02,0.6,0.604,0.503,0.525,0.525,1631200
ELMS,2022-06-03,0.533,0.533,0.5,0.518,0.518,818600
ELMS,2022-06-06,0.524,0.545,0.502,0.54,0.54,729800
ELMS,2022-06-07,0.54,0.618,0.525,0.592,0.592,701700
ELMS,2022-06-08,0.6,0.62,0.558,0.579,0.579,347000
ELMS,2022-06-09,0.573,0.594,0.512,0.517,0.517,365600
ELMS,2022-06-10,0.51,0.61,0.501,0.51,0.51,667100
ELMS,2022-06-13,0.19,0.24,0.171,0.196,0.196,10531800
ELMS,2022-06-14,0.18,0.243,0.161,0.165,0.165,13539000
ELMS,2022-06-15,0.123,0.15,0.12,0.141,0.141,7033500
ELMS,2022-06-16,0.1721,0.57,0.16,0.4031,0.4031,145294870
AAPL,2021-06-16,130.369995,130.889999,128.460007,130.149994,129.410629,91815000
AAPL,2021-06-17,129.800003,132.550003,129.649994,131.789993,131.041321,96721700
AAPL,2021-06-18,130.710007,131.509995,130.240005,130.460007,129.718887,108953300
AAPL,2021-06-21,130.300003,132.410004,129.210007,132.300003,131.548447,79663300
AAPL,2021-06-22,132.130005,134.080002,131.619995,133.979996,133.218872,74783600
AAPL,2021-06-23,133.770004,134.320007,133.229996,133.699997,132.940491,60214200
AAPL,2021-06-24,134.449997,134.639999,132.929993,133.410004,132.65213,68711000
AAPL,2021-06-25,133.460007,133.889999,132.809998,133.110001,132.353851,70783700
AAPL,2021-06-28,133.410004,135.25,133.350006,134.779999,134.014343,62111300
AAPL,2021-06-29,134.800003,136.490005,134.350006,136.330002,135.555527,64556100
AAPL,2021-06-30,136.169998,137.410004,135.869995,136.960007,136.181992,63261400
AAPL,2021-07-01,136.600006,137.330002,135.759995,137.270004,136.490204,52485800
AAPL,2021-07-02,137.899994,140.0,137.75,139.960007,139.164917,78852600
AAPL,2021-07-06,140.070007,143.149994,140.070007,142.020004,141.213211,108181800
AAPL,2021-07-07,143.539993,144.889999,142.660004,144.570007,143.748749,104911600
AAPL,2021-07-08,141.580002,144.059998,140.669998,143.240005,142.426285,105575500
AAPL,2021-07-09,142.75,145.649994,142.649994,145.110001,144.28566,99890800
AAPL,2021-07-12,146.210007,146.320007,144.0,144.5,143.679138,76299700
AAPL,2021-07-13,144.029999,147.460007,143.630005,145.639999,144.812653,100827100
AAPL,2021-07-14,148.100006,149.570007,147.679993,149.149994,148.302689,127050800
AAPL,2021-07-15,149.240005,150.0,147.089996,148.479996,147.63652,106820300
AAPL,2021-07-16,148.460007,149.759995,145.880005,146.389999,145.558411,93251400
AAPL,2021-07-19,143.75,144.070007,141.669998,142.449997,141.640762,121434600
AAPL,2021-07-20,143.460007,147.100006,142.960007,146.149994,145.319763,96350000
AAPL,2021-07-21,145.529999,146.130005,144.630005,145.399994,144.574005,74993500
AAPL,2021-07-22,145.940002,148.199997,145.809998,146.800003,145.966064,77338200
AAPL,2021-07-23,147.550003,148.720001,146.919998,148.559998,147.716049,71447400
AAPL,2021-07-26,148.270004,149.830002,147.699997,148.990005,148.143616,72434100
AAPL,2021-07-27,149.119995,149.210007,145.550003,146.770004,145.936234,104818600
AAPL,2021-07-28,144.809998,146.970001,142.539993,144.979996,144.156403,118931200
AAPL,2021-07-29,144.690002,146.550003,144.580002,145.639999,144.812653,56699500
AAPL,2021-07-30,144.380005,146.330002,144.110001,145.860001,145.031403,70440600
AAPL,2021-08-02,146.360001,146.949997,145.25,145.520004,144.693329,62880000
AAPL,2021-08-03,145.809998,148.039993,145.179993,147.360001,146.522888,64786600
AAPL,2021-08-04,147.270004,147.789993,146.279999,146.949997,146.115204,56368300
AAPL,2021-08-05,146.979996,147.839996,146.169998,147.059998,146.224579,46397700
AAPL,2021-08-06,146.350006,147.110001,145.630005,146.139999,145.527527,54126800
AAPL,2021-08-09,146.199997,146.699997,145.520004,146.089996,145.477722,48908700
AAPL,2021-08-10,146.440002,147.710007,145.300003,145.600006,144.989792,69023100
AAPL,2021-08-11,146.050003,146.720001,145.529999,145.860001,145.248688,48493500
AAPL,2021-08-12,146.190002,149.050003,145.839996,148.889999,148.265991,72282600
AAPL,2021-08-13,148.970001,149.440002,148.270004,149.100006,148.475128,59375000
AAPL,2021-08-16,148.539993,151.190002,146.470001,151.119995,150.486633,103296000
AAPL,2021-08-17,150.229996,151.679993,149.089996,150.190002,149.560547,92229700
AAPL,2021-08-18,149.800003,150.720001,146.149994,146.360001,145.746613,86326000
AAPL,2021-08-19,145.029999,148.0,144.5,146.699997,146.085175,86960300
AAPL,2021-08-20,147.440002,148.5,146.779999,148.190002,147.568924,60549600
AAPL,2021-08-23,148.309998,150.190002,147.889999,149.710007,149.082581,60131800
AAPL,2021-08-24,149.449997,150.860001,149.149994,149.619995,148.99292,48606400
AAPL,2021-08-25,149.809998,150.320007,147.800003,148.360001,147.738205,58991300
AAPL,2021-08-26,148.350006,149.119995,147.509995,147.539993,146.921646,48597200
AAPL,2021-08-27,147.479996,148.75,146.830002,148.600006,147.977203,55802400
AAPL,2021-08-30,149.0,153.490005,148.610001,153.119995,152.478271,90956700
AAPL,2021-08-31,152.660004,152.800003,151.289993,151.830002,151.19368,86453100
AAPL,2021-09-01,152.830002,154.979996,152.339996,152.509995,151.870819,80313700
AAPL,2021-09-02,153.869995,154.720001,152.399994,153.649994,153.006042,71115500
AAPL,2021-09-03,153.759995,154.630005,153.089996,154.300003,153.65332,57808700
AAPL,2021-09-07,154.970001,157.259995,154.389999,156.690002,156.033325,82278300
AAPL,2021-09-08,156.979996,157.039993,153.979996,155.110001,154.459915,74420200
AAPL,2021-09-09,155.490005,156.110001,153.949997,154.070007,153.424286,57305700
AAPL,2021-09-10,155.0,155.479996,148.699997,148.970001,148.345673,140893200
AAPL,2021-09-13,150.630005,151.419998,148.75,149.550003,148.923233,102404300
AAPL,2021-09-14,150.350006,151.070007,146.910004,148.119995,147.499207,109296300
AAPL,2021-09-15,148.559998,149.440002,146.369995,149.029999,148.405411,83281300
AAPL,2021-09-16,148.440002,148.970001,147.220001,148.789993,148.166412,68034100
AAPL,2021-09-17,148.820007,148.820007,145.759995,146.059998,145.447861,129868800
AAPL,2021-09-20,143.800003,144.839996,141.270004,142.940002,142.340942,123478900
AAPL,2021-09-21,143.929993,144.600006,142.779999,143.429993,142.828873,75834000
AAPL,2021-09-22,144.449997,146.429993,143.699997,145.850006,145.238739,76404300
AAPL,2021-09-23,146.649994,147.080002,145.639999,146.830002,146.214645,64838200
AAPL,2021-09-24,145.660004,147.470001,145.559998,146.919998,146.304245,53477900
AAPL,2021-09-27,145.470001,145.960007,143.820007,145.369995,144.760742,74150700
AAPL,2021-09-28,143.25,144.75,141.690002,141.910004,141.315262,108972300
AAPL,2021-09-29,142.470001,144.449997,142.029999,142.830002,142.2314,74602000
AAPL,2021-09-30,143.660004,144.380005,141.279999,141.5,140.906982,89056700
AAPL,2021-10-01,141.899994,142.919998,139.110001,142.649994,142.052139,94639600
AAPL,2021-10-04,141.759995,142.210007,138.270004,139.139999,138.556854,98322000
AAPL,2021-10-05,139.490005,142.240005,139.360001,141.110001,140.5186,80861100
AAPL,2021-10-06,139.470001,142.149994,138.369995,142.0,141.404877,83221100
AAPL,2021-10-07,143.059998,144.220001,142.720001,143.289993,142.689453,61732700
AAPL,2021-10-08,144.029999,144.179993,142.559998,142.899994,142.301086,58773200
AAPL,2021-10-11,142.270004,144.809998,141.809998,142.809998,142.211472,64452200
AAPL,2021-10-12,143.229996,143.25,141.039993,141.509995,140.916931,73035900
AAPL,2021-10-13,141.240005,141.399994,139.199997,140.910004,140.319458,78762700
AAPL,2021-10-14,142.110001,143.880005,141.509995,143.759995,143.157486,69907100
AAPL,2021-10-15,143.770004,144.899994,143.509995,144.839996,144.232971,67940300
AAPL,2021-10-18,143.449997,146.839996,143.160004,146.550003,145.935806,85589200
AAPL,2021-10-19,147.009995,149.169998,146.550003,148.759995,148.136536,76378900
AAPL,2021-10-20,148.699997,149.75,148.119995,149.259995,148.634445,58418800
AAPL,2021-10-21,148.809998,149.639999,147.869995,149.479996,148.853531,61421000
AAPL,2021-10-22,149.690002,150.179993,148.639999,148.690002,148.066849,58883400
AAPL,2021-10-25,148.679993,149.369995,147.619995,148.639999,148.017044,50720600
AAPL,2021-10-26,149.330002,150.839996,149.009995,149.320007,148.694199,60893400
AAPL,2021-10-27,149.360001,149.729996,148.490005,148.850006,148.226181,56094900
AAPL,2021-10-28,149.820007,153.169998,149.720001,152.570007,151.930588,100077900
AAPL,2021-10-29,147.220001,149.940002,146.410004,149.800003,149.17218,124953200
AAPL,2021-11-01,148.990005,149.699997,147.800003,148.960007,148.335709,74588300
AAPL,2021-11-02,148.660004,151.570007,148.649994,150.020004,149.391266,69122000
AAPL,2021-11-03,150.389999,151.970001,149.820007,151.490005,150.855103,54511500
AAPL,2021-11-04,151.580002,152.429993,150.639999,150.960007,150.327332,60394600
AAPL,2021-11-05,151.889999,152.199997,150.059998,151.279999,150.865845,65463900
AAPL,2021-11-08,151.410004,151.570007,150.160004,150.440002,150.028137,55020900
AAPL,2021-11-09,150.199997,151.429993,150.059998,150.809998,150.397125,56787900
AAPL,2021-11-10,150.020004,150.130005,147.850006,147.919998,147.515045,65187100
AAPL,2021-11-11,148.960007,149.429993,147.679993,147.869995,147.465179,41000000
AAPL,2021-11-12,148.429993,150.399994,147.479996,149.990005,149.579391,63804000
AAPL,2021-11-15,150.369995,151.880005,149.429993,150.0,149.589355,59222800
AAPL,2021-11-16,149.940002,151.490005,149.339996,151.0,150.586609,59256200
AAPL,2021-11-17,151.0,155.0,150.990005,153.490005,153.069794,88807000
AAPL,2021-11-18,153.710007,158.669998,153.050003,157.869995,157.43779,137827700
AAPL,2021-11-19,157.649994,161.020004,156.529999,160.550003,160.110458,117305600
AAPL,2021-11-22,161.679993,165.699997,161.0,161.020004,160.579178,117467900
AAPL,2021-11-23,161.119995,161.800003,159.059998,161.410004,160.968124,96041900
AAPL,2021-11-24,160.75,162.139999,159.639999,161.940002,161.496674,69463600
AAPL,2021-11-26,159.570007,160.449997,156.360001,156.809998,156.380707,76959800
AAPL,2021-11-29,159.369995,161.190002,158.789993,160.240005,159.801315,88748200
AAPL,2021-11-30,159.990005,165.520004,159.919998,165.300003,164.847473,174048100
AAPL,2021-12-01,167.479996,170.300003,164.529999,164.770004,164.318924,152052500
AAPL,2021-12-02,158.740005,164.199997,157.800003,163.759995,163.311676,136739200
AAPL,2021-12-03,164.020004,164.960007,159.720001,161.839996,161.396927,118023100
AAPL,2021-12-06,164.289993,167.880005,164.279999,165.320007,164.867416,107497000
AAPL,2021-12-07,169.080002,171.580002,168.339996,171.179993,170.711349,120405400
AAPL,2021-12-08,172.130005,175.960007,170.699997,175.080002,174.600677,116998900
AAPL,2021-12-09,174.910004,176.75,173.919998,174.559998,174.082108,108923700
AAPL,2021-12-10,175.210007,179.630005,174.690002,179.449997,178.958725,115402700
AAPL,2021-12-13,181.119995,182.130005,175.529999,175.740005,175.258881,153237000
AAPL,2021-12-14,175.25,177.740005,172.210007,174.330002,173.852737,139380400
AAPL,2021-12-15,175.110001,179.5,172.309998,179.300003,178.809143,131063300
AAPL,2021-12-16,179.279999,181.139999,170.75,172.259995,171.788391,150185800
AAPL,2021-12-17,169.929993,173.470001,169.690002,171.139999,170.671463,195432700
AAPL,2021-12-20,168.279999,170.580002,167.460007,169.75,169.285278,107499100
AAPL,2021-12-21,171.559998,173.199997,169.119995,172.990005,172.516403,91185900
AAPL,2021-12-22,173.039993,175.860001,172.149994,175.639999,175.159149,92135300
AAPL,2021-12-23,175.850006,176.850006,175.270004,176.279999,175.797394,68356600
AAPL,2021-12-27,177.089996,180.419998,177.070007,180.330002,179.836319,74919600
AAPL,2021-12-28,180.160004,181.330002,178.529999,179.289993,178.799164,79144300
AAPL,2021-12-29,179.330002,180.630005,178.139999,179.380005,178.888916,62348900
AAPL,2021-12-30,179.470001,180.570007,178.089996,178.199997,177.712143,59773000
AAPL,2021-12-31,178.089996,179.229996,177.259995,177.570007,177.083878,64062300
AAPL,2022-01-03,177.830002,182.880005,177.710007,182.009995,181.511703,104487900
AAPL,2022-01-04,182.630005,182.940002,179.119995,179.699997,179.208038,99310400
AAPL,2022-01-05,179.610001,180.169998,174.639999,174.919998,174.441132,94537600
AAPL,2022-01-06,172.699997,175.300003,171.639999,172.0,171.529114,96904000
AAPL,2022-01-07,172.889999,174.139999,171.029999,172.169998,171.698654,86709100
AAPL,2022-01-10,169.080002,172.5,168.169998,172.190002,171.718597,106765600
AAPL,2022-01-11,172.320007,175.179993,170.820007,175.080002,174.600677,76138300
AAPL,2022-01-12,176.119995,177.179993,174.820007,175.529999,175.049454,74805200
AAPL,2022-01-13,175.779999,176.619995,171.789993,172.190002,171.718597,84505800
AAPL,2022-01-14,171.339996,173.779999,171.089996,173.070007,172.596207,80440800
AAPL,2022-01-18,171.509995,172.539993,169.410004,169.800003,169.335144,90956700
AAPL,2022-01-19,170.0,171.080002,165.940002,166.229996,165.774902,94815000
AAPL,2022-01-20,166.979996,169.679993,164.179993,164.509995,164.059631,91420500
AAPL,2022-01-21,164.419998,166.330002,162.300003,162.410004,161.965378,122848900
AAPL,2022-01-24,160.020004,162.300003,154.699997,161.619995,161.177521,162294600
AAPL,2022-01-25,158.979996,162.759995,157.020004,159.779999,159.34256,115798400
AAPL,2022-01-26,163.5,164.389999,157.820007,159.690002,159.252823,108275300
AAPL,2022-01-27,162.449997,163.839996,158.279999,159.220001,158.784103,121954600
AAPL,2022-01-28,165.710007,170.350006,162.800003,170.330002,169.863693,179935700
AAPL,2022-01-31,170.160004,175.0,169.509995,174.779999,174.301498,115541600
AAPL,2022-02-01,174.009995,174.839996,172.309998,174.610001,174.131989,86213900
AAPL,2022-02-02,174.75,175.880005,173.330002,175.839996,175.358597,84914300
AAPL,2022-02-03,174.479996,176.240005,172.119995,172.899994,172.426651,89418100
AAPL,2022-02-04,171.679993,174.100006,170.679993,172.389999,172.137085,82465400
AAPL,2022-02-07,172.860001,173.949997,170.949997,171.660004,171.408157,77251200
AAPL,2022-02-08,171.729996,175.350006,171.429993,174.830002,174.573502,74829200
AAPL,2022-02-09,176.050003,176.649994,174.899994,176.279999,176.021378,71285000
AAPL,2022-02-10,174.139999,175.479996,171.550003,172.119995,171.867477,90865900
AAPL,2022-02-11,172.330002,173.080002,168.039993,168.639999,168.392593,98670700
AAPL,2022-02-14,167.369995,169.580002,166.559998,168.880005,168.632233,86185500
AAPL,2022-02-15,170.970001,172.949997,170.25,172.789993,172.536499,62527400
AAPL,2022-02-16,171.850006,173.339996,170.050003,172.550003,172.29686,61177400
AAPL,2022-02-17,171.029999,171.910004,168.470001,168.880005,168.632233,69589300
AAPL,2022-02-18,169.820007,170.539993,166.190002,167.300003,167.05455,82772700
AAPL,2022-02-22,164.979996,166.690002,162.149994,164.320007,164.078934,91162800
AAPL,2022-02-23,165.539993,166.149994,159.75,160.070007,159.835175,90009200
AAPL,2022-02-24,152.580002,162.850006,152.0,162.740005,162.501251,141147500
AAPL,2022-02-25,163.839996,165.119995,160.869995,164.850006,164.608154,91974200
AAPL,2022-02-28,163.059998,165.419998,162.429993,165.119995,164.877747,95056600
AAPL,2022-03-01,164.699997,166.600006,161.970001,163.199997,162.960571,83474400
AAPL,2022-03-02,164.389999,167.360001,162.949997,166.559998,166.315643,79724800
AAPL,2022-03-03,168.470001,168.910004,165.550003,166.229996,165.986115,76678400
AAPL,2022-03-04,164.490005,165.550003,162.100006,163.169998,162.930603,83737200
AAPL,2022-03-07,163.360001,165.020004,159.039993,159.300003,159.066299,96418800
AAPL,2022-03-08,158.820007,162.880005,155.800003,157.440002,157.209015,131148300
AAPL,2022-03-09,161.479996,163.410004,159.410004,162.949997,162.710938,91454900
AAPL,2022-03-10,160.199997,160.389999,155.979996,158.520004,158.287445,105342000
AAPL,2022-03-11,158.929993,159.279999,154.5,154.729996,154.502991,96970100
AAPL,2022-03-14,151.449997,154.119995,150.100006,150.619995,150.399017,108732100
AAPL,2022-03-15,150.899994,155.570007,150.380005,155.089996,154.862457,92964300
AAPL,2022-03-16,157.050003,160.0,154.460007,159.589996,159.355865,102300200
AAPL,2022-03-17,158.610001,161.0,157.630005,160.619995,160.384354,75615400
AAPL,2022-03-18,160.509995,164.479996,159.759995,163.979996,163.739426,123511700
AAPL,2022-03-21,163.509995,166.350006,163.009995,165.380005,165.137375,95811400
AAPL,2022-03-22,165.509995,169.419998,164.910004,168.820007,168.572327,81532000
AAPL,2022-03-23,167.990005,172.639999,167.649994,170.210007,169.960297,98062700
AAPL,2022-03-24,171.059998,174.139999,170.210007,174.070007,173.814621,90131400
AAPL,2022-03-25,173.880005,175.279999,172.75,174.720001,174.463669,80546200
AAPL,2022-03-28,172.169998,175.729996,172.0,175.600006,175.342377,90371900
AAPL,2022-03-29,176.690002,179.009995,176.339996,178.960007,178.697449,100589400
AAPL,2022-03-30,178.550003,179.610001,176.699997,177.770004,177.509201,92633200
AAPL,2022-03-31,177.839996,178.029999,174.399994,174.610001,174.353836,103049300
AAPL,2022-04-01,174.029999,174.880005,171.940002,174.309998,174.05426,78751300
AAPL,2022-04-04,174.570007,178.490005,174.440002,178.440002,178.178207,76468400
AAPL,2022-04-05,177.5,178.300003,174.419998,175.059998,174.803162,73401800
AAPL,2022-04-06,172.360001,173.630005,170.130005,171.830002,171.577911,89058800
AAPL,2022-04-07,171.160004,173.360001,169.850006,172.139999,171.887451,77594700
AAPL,2022-04-08,171.779999,171.779999,169.199997,170.089996,169.840454,76575500
AAPL,2022-04-11,168.710007,169.029999,165.5,165.75,165.506821,72246700
AAPL,2022-04-12,168.020004,169.869995,166.639999,167.660004,167.414032,79265200
AAPL,2022-04-13,167.389999,171.039993,166.770004,170.399994,170.149994,70618900
AAPL,2022-04-14,170.619995,171.270004,165.039993,165.289993,165.047501,75329400
AAPL,2022-04-18,163.919998,166.600006,163.570007,165.070007,164.827835,69023900
AAPL,2022-04-19,165.020004,167.820007,163.910004,167.399994,167.154404,67723800
AAPL,2022-04-20,168.759995,168.880005,166.100006,167.229996,166.98465,67929800
AAPL,2022-04-21,168.910004,171.529999,165.910004,166.419998,166.175842,87227800
AAPL,2022-04-22,166.460007,167.869995,161.5,161.789993,161.552628,84882400
AAPL,2022-04-25,161.119995,163.169998,158.460007,162.880005,162.641037,96046400
AAPL,2022-04-26,162.25,162.339996,156.720001,156.800003,156.569962,95623200
AAPL,2022-04-27,155.910004,159.789993,155.380005,156.570007,156.340302,88063200
AAPL,2022-04-28,159.25,164.520004,158.929993,163.639999,163.399918,130216800
AAPL,2022-04-29,161.839996,166.199997,157.25,157.649994,157.418701,131747600
AAPL,2022-05-02,156.710007,158.229996,153.270004,157.960007,157.728256,123055300
AAPL,2022-05-03,158.149994,160.710007,156.320007,159.479996,159.246017,88966500
AAPL,2022-05-04,159.669998,166.479996,159.259995,166.020004,165.776428,108256500
AAPL,2022-05-05,163.850006,164.080002,154.949997,156.770004,156.540009,130525300
AAPL,2022-05-06,156.009995,159.440002,154.179993,157.279999,157.279999,116124600
AAPL,2022-05-09,154.929993,155.830002,151.490005,152.059998,152.059998,131577900
AAPL,2022-05-10,155.520004,156.740005,152.929993,154.509995,154.509995,115366700
AAPL,2022-05-11,153.5,155.449997,145.809998,146.5,146.5,142689800
AAPL,2022-05-12,142.770004,146.199997,138.800003,142.559998,142.559998,182602000
AAPL,2022-05-13,144.589996,148.100006,143.110001,147.110001,147.110001,113990900
AAPL,2022-05-16,145.550003,147.520004,144.179993,145.539993,145.539993,86643800
AAPL,2022-05-17,148.860001,149.770004,146.679993,149.240005,149.240005,78336300
AAPL,2022-05-18,146.850006,147.360001,139.899994,140.820007,140.820007,109742900
AAPL,2022-05-19,139.880005,141.660004,136.600006,137.350006,137.350006,136095600
AAPL,2022-05-20,139.089996,140.699997,132.610001,137.589996,137.589996,137426100
AAPL,2022-05-23,137.789993,143.259995,137.649994,143.110001,143.110001,117726300
AAPL,2022-05-24,140.809998,141.970001,137.330002,140.360001,140.360001,104132700
AAPL,2022-05-25,138.429993,141.789993,138.339996,140.520004,140.520004,92482700
AAPL,2022-05-26,137.389999,144.339996,137.139999,143.779999,143.779999,90601500
AAPL,2022-05-27,145.389999,149.679993,145.259995,149.639999,149.639999,90978500
AAPL,2022-05-31,149.070007,150.660004,146.839996,148.839996,148.839996,103718400
AAPL,2022-06-01,149.899994,151.740005,147.679993,148.710007,148.710007,74286600
AAPL,2022-06-02,147.830002,151.270004,146.860001,151.210007,151.210007,72348100
AAPL,2022-06-03,146.899994,147.970001,144.460007,145.380005,145.380005,88471400
AAPL,2022-06-06,147.029999,148.570007,144.899994,146.139999,146.139999,71598400
AAPL,2022-06-07,144.350006,149.0,144.100006,148.710007,148.710007,67808200
AAPL,2022-06-08,148.580002,149.869995,147.460007,147.960007,147.960007,53950200
AAPL,2022-06-09,147.080002,147.949997,142.529999,142.639999,142.639999,69473000
AAPL,2022-06-10,140.279999,140.759995,137.059998,137.130005,137.130005,91437900
AAPL,2022-06-13,132.869995,135.199997,131.440002,131.880005,131.880005,122207100
AAPL,2022-06-14,133.130005,133.889999,131.479996,132.759995,132.759995,84784300
AAPL,2022-06-15,134.289993,137.339996,132.160004,135.429993,135.429993,91352700
AAPL,2022-06-16,132.080002,132.389999,129.889999,131.139999,131.139999,56498724
^IXIC,2021-06-16,14085.549805,14129.69043,13903.730469,14039.679688,14039.679688,4632480000
^IXIC,2021-06-17,13999.129883,14196.209961,13998.929688,14161.349609,14161.349609,4526780000
^IXIC,2021-06-18,14096.929688,14129.219727,14009.040039,14030.379883,14030.379883,6105960000
^IXIC,2021-06-21,14047.419922,14150.780273,13960.040039,14141.480469,14141.480469,4523120000
^IXIC,2021-06-22,14138.290039,14269.769531,14121.0,14253.269531,14253.269531,4405260000
^IXIC,2021-06-23,14263.379883,14317.660156,14246.299805,14271.730469,14271.730469,4394600000
^IXIC,2021-06-24,14357.269531,14414.459961,14333.700195,14369.709961,14369.709961,4297280000
^IXIC,2021-06-25,14400.80957,14409.080078,14337.650391,14360.389648,14360.389648,7436800000
^IXIC,2021-06-28,14417.80957,14505.19043,14417.200195,14500.509766,14500.509766,4235620000
^IXIC,2021-06-29,14509.19043,14535.969727,14471.379883,14528.330078,14528.330078,4842860000
^IXIC,2021-06-30,14509.849609,14526.80957,14478.05957,14503.950195,14503.950195,5264790000
^IXIC,2021-07-01,14493.69043,14533.549805,14439.400391,14522.379883,14522.379883,4371620000
^IXIC,2021-07-02,14582.980469,14649.110352,14555.339844,14639.330078,14639.330078,3731730000
^IXIC,2021-07-06,14661.549805,14687.0,14529.799805,14663.639648,14663.639648,4464780000
^IXIC,2021-07-07,14753.410156,14755.330078,14580.790039,14665.05957,14665.05957,4582030000
^IXIC,2021-07-08,14409.200195,14610.05957,14371.589844,14559.780273,14559.780273,4550600000
^IXIC,2021-07-09,14578.429688,14710.200195,14552.259766,14701.919922,14701.919922,3809040000
^IXIC,2021-07-12,14743.860352,14761.080078,14672.629883,14733.240234,14733.240234,3864500000
^IXIC,2021-07-13,14715.129883,14803.679688,14660.19043,14677.650391,14677.650391,4553380000
^IXIC,2021-07-14,14780.900391,14790.549805,14632.950195,14644.950195,14644.950195,4461730000
^IXIC,2021-07-15,14635.780273,14650.370117,14451.799805,14543.129883,14543.129883,4493540000
^IXIC,2021-07-16,14597.509766,14623.019531,14413.320313,14427.240234,14427.240234,4048940000
^IXIC,2021-07-19,14235.980469,14313.599609,14178.660156,14274.980469,14274.980469,4507040000
^IXIC,2021-07-20,14330.459961,14555.75,14271.230469,14498.879883,14498.879883,4618980000
^IXIC,2021-07-21,14508.75,14633.139648,14498.650391,14631.950195,14631.950195,4075150000
^IXIC,2021-07-22,14652.719727,14694.19043,14617.870117,14684.599609,14684.599609,3574560000
^IXIC,2021-07-23,14753.05957,14846.05957,14698.769531,14836.990234,14836.990234,3959410000
^IXIC,2021-07-26,14821.030273,14863.650391,14790.490234,14840.709961,14840.709961,4409960000
^IXIC,2021-07-27,14807.950195,14811.080078,14503.759766,14660.580078,14660.580078,4300000000
^IXIC,2021-07-28,14715.660156,14798.879883,14645.629883,14762.580078,14762.580078,4235390000
^IXIC,2021-07-29,14771.169922,14833.740234,14761.379883,14778.259766,14778.259766,3904590000
^IXIC,2021-07-30,14615.849609,14728.780273,14615.849609,14672.679688,14672.679688,3628750000
^IXIC,2021-08-02,14758.599609,14770.410156,14665.669922,14681.070313,14681.070313,3738200000
^IXIC,2021-08-03,14713.990234,14762.599609,14584.089844,14761.290039,14761.290039,4117520000
^IXIC,2021-08-04,14747.209961,14812.370117,14734.120117,14780.530273,14780.530273,4319400000
^IXIC,2021-08-05,14794.080078,14896.469727,14776.030273,14895.120117,14895.120117,4087320000
^IXIC,2021-08-06,14864.219727,14890.179688,14788.589844,14835.759766,14835.759766,4159050000
^IXIC,2021-08-09,14855.759766,14883.80957,14802.69043,14860.179688,14860.179688,4095760000
^IXIC,2021-08-10,14887.75,14894.610352,14754.480469,14788.089844,14788.089844,3978790000
^IXIC,2021-08-11,14834.379883,14842.5,14692.410156,14765.139648,14765.139648,3980530000
^IXIC,2021-08-12,14751.360352,14824.30957,14698.94043,14816.259766,14816.259766,4020260000
^IXIC,2021-08-13,14825.070313,14850.610352,14797.219727,14822.900391,14822.900391,4038130000
^IXIC,2021-08-16,14771.530273,14794.679688,14610.019531,14793.759766,14793.759766,3953840000
^IXIC,2021-08-17,14670.55957,14716.950195,14550.879883,14656.179688,14656.179688,4151190000
^IXIC,2021-08-18,14636.240234,14697.25,14516.299805,14525.910156,14525.910156,3814120000
^IXIC,2021-08-19,14423.160156,14610.759766,14423.160156,14541.790039,14541.790039,4172870000
^IXIC,2021-08-20,14571.530273,14722.160156,14571.530273,14714.660156,14714.660156,3864780000
^IXIC,2021-08-23,14776.980469,14963.469727,14776.980469,14942.650391,14942.650391,3893990000
^IXIC,2021-08-24,14978.139648,15034.889648,14965.540039,15019.799805,15019.799805,3792870000
^IXIC,2021-08-25,15039.030273,15059.429688,15011.580078,15041.860352,15041.860352,3629990000
^IXIC,2021-08-26,15025.169922,15059.629883,14939.55957,14945.80957,14945.80957,3610970000
^IXIC,2021-08-27,14969.769531,15144.480469,14966.519531,15129.5,15129.5,4006310000
^IXIC,2021-08-30,15165.94043,15288.080078,15165.120117,15265.889648,15265.889648,4034110000
^IXIC,2021-08-31,15262.879883,15278.959961,15202.669922,15259.240234,15259.240234,4170170000
^IXIC,2021-09-01,15308.980469,15379.5,15302.110352,15309.379883,15309.379883,4248030000
^IXIC,2021-09-02,15358.469727,15380.070313,15285.349609,15331.179688,15331.179688,4018120000
^IXIC,2021-09-03,15313.410156,15375.55957,15283.669922,15363.519531,15363.519531,3692170000
^IXIC,2021-09-07,15375.980469,15403.44043,15343.280273,15374.330078,15374.330078,3967040000
^IXIC,2021-09-08,15360.349609,15360.349609,15206.610352,15286.639648,15286.639648,4113530000
^IXIC,2021-09-09,15296.05957,15352.379883,15245.169922,15248.25,15248.25,3997250000
^IXIC,2021-09-10,15332.919922,15349.469727,15111.30957,15115.490234,15115.490234,4567980000
^IXIC,2021-09-13,15211.429688,15215.44043,15030.849609,15105.580078,15105.580078,4701190000
^IXIC,2021-09-14,15168.450195,15181.19043,15008.299805,15037.759766,15037.759766,4571950000
^IXIC,2021-09-15,15071.339844,15174.379883,14984.679688,15161.530273,15161.530273,4446270000
^IXIC,2021-09-16,15120.089844,15205.5,15047.139648,15181.919922,15181.919922,3681700000
^IXIC,2021-09-17,15163.360352,15166.55957,14998.730469,15043.969727,15043.969727,6682650000
^IXIC,2021-09-20,14758.139648,14841.820313,14530.070313,14713.900391,14713.900391,4860630000
^IXIC,2021-09-21,14803.360352,14847.030273,14696.469727,14746.400391,14746.400391,4056340000
^IXIC,2021-09-22,14800.589844,14950.120117,14767.009766,14896.849609,14896.849609,4229870000
^IXIC,2021-09-23,14960.0,15085.44043,14932.509766,15052.240234,15052.240234,4176520000
^IXIC,2021-09-24,14961.610352,15067.55957,14946.570313,15047.700195,15047.700195,3972140000
^IXIC,2021-09-27,14954.179688,15003.160156,14864.959961,14969.969727,14969.969727,4619450000
^IXIC,2021-09-28,14787.209961,14817.740234,14539.879883,14546.679688,14546.679688,4954270000
^IXIC,2021-09-29,14614.879883,14676.620117,14493.669922,14512.44043,14512.44043,5246170000
^IXIC,2021-09-30,14582.599609,14632.360352,14444.299805,14448.580078,14448.580078,5910550000
^IXIC,2021-10-01,14494.929688,14606.820313,14324.009766,14566.700195,14566.700195,4688550000
^IXIC,2021-10-04,14493.120117,14499.740234,14181.69043,14255.480469,14255.480469,4539650000
^IXIC,2021-10-05,14312.860352,14508.650391,14299.780273,14433.830078,14433.830078,4143190000
^IXIC,2021-10-06,14289.450195,14509.549805,14259.070313,14501.910156,14501.910156,4443760000
^IXIC,2021-10-07,14631.799805,14755.719727,14615.139648,14654.019531,14654.019531,3936210000
^IXIC,2021-10-08,14694.719727,14699.910156,14569.679688,14579.540039,14579.540039,3557630000
^IXIC,2021-10-11,14540.080078,14665.990234,14482.620117,14486.200195,14486.200195,3522230000
^IXIC,2021-10-12,14539.089844,14552.709961,14441.599609,14465.919922,14465.919922,4037030000
^IXIC,2021-10-13,14537.169922,14589.280273,14471.879883,14571.639648,14571.639648,4032440000
^IXIC,2021-10-14,14717.5,14827.55957,14699.519531,14823.429688,14823.429688,4240520000
^IXIC,2021-10-15,14891.240234,14904.980469,14847.959961,14897.339844,14897.339844,4473930000
^IXIC,2021-10-18,14839.740234,15026.679688,14833.280273,15021.80957,15021.80957,4142540000
^IXIC,2021-10-19,15073.129883,15137.849609,15049.730469,15129.089844,15129.089844,4443000000
^IXIC,2021-10-20,15160.0,15178.389648,15071.150391,15121.679688,15121.679688,4086590000
^IXIC,2021-10-21,15104.799805,15222.25,15094.139648,15215.700195,15215.700195,4880390000
^IXIC,2021-10-22,15158.070313,15193.009766,15021.019531,15090.200195,15090.200195,5719760000
^IXIC,2021-10-25,15142.919922,15259.629883,15070.75,15226.709961,15226.709961,5677320000
^IXIC,2021-10-26,15317.5,15384.0,15198.230469,15235.709961,15235.709961,7035470000
^IXIC,2021-10-27,15276.0,15364.540039,15235.839844,15235.839844,15235.839844,6083210000
^IXIC,2021-10-28,15304.740234,15452.299805,15290.30957,15448.120117,15448.120117,5660240000
^IXIC,2021-10-29,15323.290039,15504.120117,15323.290039,15498.389648,15498.389648,5310370000
^IXIC,2021-11-01,15541.259766,15598.950195,15470.820313,15595.919922,15595.919922,5239250000
^IXIC,2021-11-02,15583.980469,15656.599609,15569.269531,15649.599609,15649.599609,5118540000
^IXIC,2021-11-03,15658.519531,15821.570313,15616.44043,15811.580078,15811.580078,5274520000
^IXIC,2021-11-04,15849.740234,15966.089844,15827.660156,15940.30957,15940.30957,5252570000
^IXIC,2021-11-05,16003.55957,16053.389648,15900.780273,15971.589844,15971.589844,5534130000
^IXIC,2021-11-08,15995.719727,16038.230469,15961.80957,15982.360352,15982.360352,5620280000
^IXIC,2021-11-09,16024.129883,16035.209961,15836.679688,15886.540039,15886.540039,5531330000
^IXIC,2021-11-10,15753.839844,15867.240234,15543.679688,15622.709961,15622.709961,5336480000
^IXIC,2021-11-11,15752.080078,15768.030273,15695.769531,15704.280273,15704.280273,4520600000
^IXIC,2021-11-12,15752.620117,15874.570313,15705.379883,15860.959961,15860.959961,5412870000
^IXIC,2021-11-15,15894.820313,15918.450195,15778.30957,15853.849609,15853.849609,4978040000
^IXIC,2021-11-16,15840.320313,15989.610352,15825.0,15973.860352,15973.860352,5441150000
^IXIC,2021-11-17,15973.620117,15998.570313,15909.389648,15921.570313,15921.570313,5024540000
^IXIC,2021-11-18,15973.389648,16010.879883,15848.830078,15993.709961,15993.709961,5361690000
^IXIC,2021-11-19,16042.160156,16121.120117,16017.230469,16057.44043,16057.44043,4849160000
^IXIC,2021-11-22,16120.919922,16212.230469,15851.040039,15854.759766,15854.759766,5531070000
^IXIC,2021-11-23,15809.5,15895.860352,15601.459961,15775.139648,15775.139648,5412610000
^IXIC,2021-11-24,15677.879883,15848.55957,15591.360352,15845.230469,15845.230469,4178630000
^IXIC,2021-11-26,15664.379883,15731.540039,15456.089844,15491.660156,15491.660156,3502030000
^IXIC,2021-11-29,15719.419922,15833.110352,15644.610352,15782.830078,15782.830078,4800570000
^IXIC,2021-11-30,15716.5,15828.200195,15451.389648,15537.69043,15537.69043,6609380000
^IXIC,2021-12-01,15752.269531,15816.820313,15243.929688,15254.049805,15254.049805,6266020000
^IXIC,2021-12-02,15181.820313,15444.540039,15150.120117,15381.320313,15381.320313,5390100000
^IXIC,2021-12-03,15428.709961,15470.360352,14931.05957,15085.469727,15085.469727,5859520000
^IXIC,2021-12-06,15117.629883,15281.990234,14931.610352,15225.150391,15225.150391,5095960000
^IXIC,2021-12-07,15510.910156,15720.089844,15507.660156,15686.919922,15686.919922,5091220000
^IXIC,2021-12-08,15690.650391,15792.639648,15618.879883,15786.990234,15786.990234,4600800000
^IXIC,2021-12-09,15720.540039,15796.049805,15511.120117,15517.370117,15517.370117,4484230000
^IXIC,2021-12-10,15629.589844,15677.599609,15477.849609,15630.599609,15630.599609,4395460000
^IXIC,2021-12-13,15621.269531,15637.05957,15408.25,15413.280273,15413.280273,4549170000
^IXIC,2021-12-14,15215.959961,15317.549805,15097.349609,15237.639648,15237.639648,4802460000
^IXIC,2021-12-15,15230.709961,15575.759766,15055.230469,15565.580078,15565.580078,5318850000
^IXIC,2021-12-16,15629.080078,15633.19043,15119.490234,15180.429688,15180.429688,4890470000
^IXIC,2021-12-17,15036.769531,15288.780273,14960.370117,15169.679688,15169.679688,7616320000
^IXIC,2021-12-20,14933.0,15007.299805,14860.040039,14980.94043,14980.94043,4576750000
^IXIC,2021-12-21,15140.429688,15349.05957,15015.030273,15341.089844,15341.089844,4546230000
^IXIC,2021-12-22,15319.160156,15525.969727,15303.05957,15521.889648,15521.889648,4080900000
^IXIC,2021-12-23,15544.790039,15697.980469,15528.910156,15653.370117,15653.370117,3918200000
^IXIC,2021-12-27,15696.830078,15871.400391,15696.830078,15871.259766,15871.259766,3730120000
^IXIC,2021-12-28,15895.200195,15901.469727,15757.070313,15781.719727,15781.719727,3623600000
^IXIC,2021-12-29,15794.919922,15821.80957,15679.849609,15766.219727,15766.219727,3694500000
^IXIC,2021-12-30,15758.980469,15868.089844,15729.160156,15741.55957,15741.55957,3732730000
^IXIC,2021-12-31,15722.910156,15777.429688,15643.94043,15644.969727,15644.969727,3379850000
^IXIC,2022-01-03,15732.5,15832.799805,15644.089844,15832.799805,15832.799805,4412130000
^IXIC,2022-01-04,15852.139648,15852.139648,15512.410156,15622.719727,15622.719727,5109270000
^IXIC,2022-01-05,15547.160156,15586.299805,15095.179688,15100.169922,15100.169922,5011990000
^IXIC,2022-01-06,15024.150391,15198.450195,14914.870117,15080.860352,15080.860352,4774740000
^IXIC,2022-01-07,15095.719727,15171.019531,14877.629883,14935.900391,14935.900391,4229270000
^IXIC,2022-01-10,14751.780273,14953.849609,14530.230469,14942.830078,14942.830078,5303230000
^IXIC,2022-01-11,14919.259766,15158.709961,14837.629883,15153.450195,15153.450195,4378660000
^IXIC,2022-01-12,15263.099609,15319.030273,15117.290039,15188.389648,15188.389648,4321180000
^IXIC,2022-01-13,15245.040039,15259.709961,14782.240234,14806.80957,14806.80957,4283070000
^IXIC,2022-01-14,14708.019531,14897.679688,14689.429688,14893.75,14893.75,4345780000
^IXIC,2022-01-18,14681.830078,14740.540039,14482.94043,14506.900391,14506.900391,5027990000
^IXIC,2022-01-19,14582.219727,14658.889648,14331.650391,14340.259766,14340.259766,4639990000
^IXIC,2022-01-20,14462.849609,14642.030273,14140.780273,14154.019531,14154.019531,5078450000
^IXIC,2022-01-21,14046.219727,14171.719727,13764.240234,13768.919922,13768.919922,5845830000
^IXIC,2022-01-24,13481.5,13876.610352,13094.650391,13855.129883,13855.129883,6982960000
^IXIC,2022-01-25,13610.870117,13781.620117,13414.139648,13539.290039,13539.290039,4981070000
^IXIC,2022-01-26,13871.769531,14002.650391,13392.19043,13542.120117,13542.120117,5734390000
^IXIC,2022-01-27,13710.990234,13765.910156,13322.660156,13352.780273,13352.780273,5155970000
^IXIC,2022-01-28,13436.709961,13771.910156,13236.55957,13770.570313,13770.570313,4955960000
^IXIC,2022-01-31,13812.19043,14242.900391,13767.709961,14239.879883,14239.879883,5111460000
^IXIC,2022-02-01,14277.429688,14358.69043,14070.769531,14346.0,14346.0,4650460000
^IXIC,2022-02-02,14494.469727,14504.820313,14264.650391,14417.549805,14417.549805,4647630000
^IXIC,2022-02-03,14045.830078,14207.889648,13851.740234,13878.820313,13878.820313,4306490000
^IXIC,2022-02-04,13958.480469,14222.759766,13850.389648,14098.009766,14098.009766,4104120000
^IXIC,2022-02-07,14118.790039,14236.30957,13974.099609,14015.669922,14015.669922,4253020000
^IXIC,2022-02-08,13984.429688,14226.480469,13934.780273,14194.450195,14194.450195,4277150000
^IXIC,2022-02-09,14368.160156,14490.719727,14330.870117,14490.370117,14490.370117,4713210000
^IXIC,2022-02-10,14228.679688,14509.55957,14118.200195,14185.639648,14185.639648,5191050000
^IXIC,2022-02-11,14213.620117,14246.700195,13733.160156,13791.150391,13791.150391,5222590000
^IXIC,2022-02-14,13768.969727,13921.709961,13664.759766,13790.919922,13790.919922,4301470000
^IXIC,2022-02-15,13997.179688,14142.490234,13976.290039,14139.759766,14139.759766,4393050000
^IXIC,2022-02-16,14038.919922,14163.730469,13931.990234,14124.089844,14124.089844,4224060000
^IXIC,2022-02-17,14004.19043,14020.820313,13704.700195,13716.719727,13716.719727,4259890000
^IXIC,2022-02-18,13735.400391,13762.400391,13465.55957,13548.070313,13548.070313,4475010000
^IXIC,2022-02-22,13424.360352,13618.719727,13249.650391,13381.519531,13381.519531,4830920000
^IXIC,2022-02-23,13511.75,13533.780273,13032.169922,13037.490234,13037.490234,4614090000
^IXIC,2022-02-24,12587.879883,13486.110352,12587.879883,13473.589844,13473.589844,6131410000
^IXIC,2022-02-25,13485.259766,13696.860352,13358.290039,13694.620117,13694.620117,4614110000
^IXIC,2022-02-28,13570.830078,13810.639648,13549.900391,13751.400391,13751.400391,5894130000
^IXIC,2022-03-01,13716.700195,13777.040039,13441.320313,13532.459961,13532.459961,6094490000
^IXIC,2022-03-02,13597.530273,13796.549805,13493.910156,13752.019531,13752.019531,5229480000
^IXIC,2022-03-03,13837.589844,13837.589844,13472.639648,13537.94043,13537.94043,5058590000
^IXIC,2022-03-04,13455.230469,13486.709961,13224.980469,13313.44043,13313.44043,5319630000
^IXIC,2022-03-07,13328.360352,13353.280273,12828.019531,12830.959961,12830.959961,6163580000
^IXIC,2022-03-08,12800.040039,13159.44043,12670.080078,12795.549805,12795.549805,6631820000
^IXIC,2022-03-09,13113.700195,13301.160156,13039.790039,13255.549805,13255.549805,5377120000
^IXIC,2022-03-10,13098.349609,13163.5,12946.280273,13129.959961,13129.959961,5034030000
^IXIC,2022-03-11,13229.769531,13239.349609,12830.370117,12843.80957,12843.80957,5250230000
^IXIC,2022-03-14,12795.120117,12918.009766,12555.349609,12581.219727,12581.219727,5853360000
^IXIC,2022-03-15,12685.230469,12973.879883,12616.589844,12948.620117,12948.620117,5414590000
^IXIC,2022-03-16,13119.370117,13440.120117,12992.200195,13436.549805,13436.549805,6498110000
^IXIC,2022-03-17,13360.719727,13620.799805,13317.139648,13614.780273,13614.780273,5575030000
^IXIC,2022-03-18,13564.629883,13899.280273,13528.05957,13893.839844,13893.839844,8109950000
^IXIC,2022-03-21,13860.389648,13945.80957,13682.549805,13838.459961,13838.459961,5636000000
^IXIC,2022-03-22,13866.429688,14141.070313,13857.290039,14108.820313,14108.820313,5400360000
^IXIC,2022-03-23,13990.349609,14152.139648,13921.650391,13922.599609,13922.599609,4995470000
^IXIC,2022-03-24,14001.320313,14193.549805,13897.200195,14191.839844,14191.839844,5046250000
^IXIC,2022-03-25,14194.719727,14218.759766,14010.790039,14169.299805,14169.299805,5553860000
^IXIC,2022-03-28,14177.209961,14356.0,14101.339844,14354.900391,14354.900391,5086120000
^IXIC,2022-03-29,14500.389648,14646.900391,14419.400391,14619.639648,14619.639648,6031870000
^IXIC,2022-03-30,14558.589844,14609.25,14383.450195,14442.269531,14442.269531,5439980000
^IXIC,2022-03-31,14444.780273,14456.740234,14217.719727,14220.519531,14220.519531,5427030000
^IXIC,2022-04-01,14269.530273,14306.94043,14131.80957,14261.5,14261.5,4984050000
^IXIC,2022-04-04,14304.349609,14534.379883,14286.450195,14532.549805,14532.549805,4598480000
^IXIC,2022-04-05,14490.259766,14500.290039,14169.120117,14204.169922,14204.169922,4707090000
^IXIC,2022-04-06,14002.580078,14032.839844,13788.900391,13888.820313,13888.820313,5265740000
^IXIC,2022-04-07,13861.490234,13978.25,13689.230469,13897.299805,13897.299805,4822420000
^IXIC,2022-04-08,13830.469727,13866.05957,13693.69043,13711.0,13711.0,4554890000
^IXIC,2022-04-11,13547.290039,13585.080078,13401.389648,13411.959961,13411.959961,4916860000
^IXIC,2022-04-12,13584.69043,13685.950195,13317.740234,13371.570313,13371.570313,4965220000
^IXIC,2022-04-13,13373.120117,13679.429688,13353.660156,13643.589844,13643.589844,4887660000
^IXIC,2022-04-14,13647.429688,13662.929688,13345.219727,13351.080078,13351.080078,4623410000
^IXIC,2022-04-18,13319.389648,13414.269531,13222.030273,13332.360352,13332.360352,4350150000
^IXIC,2022-04-19,13312.44043,13643.969727,13281.219727,13619.660156,13619.660156,4527480000
^IXIC,2022-04-20,13665.379883,13678.549805,13426.129883,13453.070313,13453.070313,4639440000
^IXIC,2022-04-21,13623.700195,13710.700195,13140.830078,13174.650391,13174.650391,5206320000
^IXIC,2022-04-22,13168.799805,13212.599609,12828.019531,12839.290039,12839.290039,4457380000
^IXIC,2022-04-25,12749.169922,13011.450195,12722.589844,13004.849609,13004.849609,4827790000
^IXIC,2022-04-26,12918.040039,12918.040039,12490.740234,12490.740234,12490.740234,5136770000
^IXIC,2022-04-27,12500.879883,12703.790039,12430.900391,12488.929688,12488.929688,4773290000
^IXIC,2022-04-28,12712.860352,12948.519531,12487.860352,12871.530273,12871.530273,5030570000
^IXIC,2022-04-29,12710.419922,12861.830078,12315.740234,12334.639648,12334.639648,4719290000
^IXIC,2022-05-02,12331.69043,12542.540039,12202.410156,12536.019531,12536.019531,4896740000
^IXIC,2022-05-03,12511.459961,12645.830078,12460.990234,12563.759766,12563.759766,4522940000
^IXIC,2022-05-04,12574.730469,12985.009766,12367.019531,12964.860352,12964.860352,5467750000
^IXIC,2022-05-05,12787.519531,12787.519531,12183.55957,12317.69043,12317.69043,5269260000
^IXIC,2022-05-06,12246.830078,12358.419922,11990.150391,12144.660156,12144.660156,5311020000
^IXIC,2022-05-09,11923.030273,11990.610352,11574.94043,11623.25,11623.25,5911380000
^IXIC,2022-05-10,11900.339844,11944.94043,11566.280273,11737.669922,11737.669922,6199090000
^IXIC,2022-05-11,11645.570313,11844.509766,11339.179688,11364.240234,11364.240234,6120860000
^IXIC,2022-05-12,11199.25,11547.330078,11108.759766,11370.959961,11370.959961,6647400000
^IXIC,2022-05-13,11555.969727,11856.709961,11510.259766,11805.0,11805.0,5868610000
^IXIC,2022-05-16,11727.139648,11804.589844,11627.530273,11662.790039,11662.790039,4898850000
^IXIC,2022-05-17,11905.570313,11988.429688,11754.280273,11984.519531,11984.519531,5068930000
^IXIC,2022-05-18,11790.679688,11826.219727,11381.69043,11418.150391,11418.150391,5043020000
^IXIC,2022-05-19,11364.400391,11562.820313,11313.30957,11388.5,11388.5,5136920000
^IXIC,2022-05-20,11542.669922,11552.209961,11035.69043,11354.620117,11354.620117,5413140000
^IXIC,2022-05-23,11396.280273,11552.070313,11304.55957,11535.269531,11535.269531,4509640000
^IXIC,2022-05-24,11326.44043,11351.610352,11092.480469,11264.450195,11264.450195,4706300000
^IXIC,2022-05-25,11225.030273,11511.900391,11211.849609,11434.740234,11434.740234,4500920000
^IXIC,2022-05-26,11409.839844,11796.969727,11406.160156,11740.650391,11740.650391,4651470000
^IXIC,2022-05-27,11869.69043,12131.660156,11856.820313,12131.129883,12131.129883,4774530000
^IXIC,2022-05-31,12137.540039,12190.080078,11942.5,12081.389648,12081.389648,6028940000
^IXIC,2022-06-01,12176.889648,12237.94043,11901.429688,11994.459961,11994.459961,4697810000
^IXIC,2022-06-02,11945.570313,12320.120117,11901.450195,12316.900391,12316.900391,4422830000
^IXIC,2022-06-03,12097.120117,12167.44043,11966.620117,12012.730469,12012.730469,4117290000
^IXIC,2022-06-06,12200.330078,12245.400391,12004.200195,12061.370117,12061.370117,4633950000
^IXIC,2022-06-07,11925.80957,12194.860352,11888.610352,12175.230469,12175.230469,4383960000
^IXIC,2022-06-08,12147.280273,12235.780273,12052.700195,12086.269531,12086.269531,4689310000
^IXIC,2022-06-09,12016.469727,12115.05957,11751.980469,11754.230469,11754.230469,5382110000
^IXIC,2022-06-10,11543.879883,11569.150391,11328.269531,11340.019531,11340.019531,5125980000
^IXIC,2022-06-13,10986.849609,11071.480469,10775.139648,10809.230469,10809.230469,5912360000
^IXIC,2022-06-14,10897.429688,10926.80957,10733.040039,10828.349609,10828.349609,4802090000
^IXIC,2022-06-15,10968.400391,11244.259766,10866.389648,11099.150391,11099.150391,5346110000
^IXIC,2022-06-16,10806.0,10831.069336,10621.561523,10692.463867,10692.463867,2749822000
KR,2021-06-16,37.740002,37.98,37.419998,37.549999,36.869164,11134300
KR,2021-06-17,37.57,39.619999,36.77,39.18,38.469612,22228400
KR,2021-06-18,39.049999,39.200001,38.18,38.75,38.047413,16210800
KR,2021-06-21,38.990002,39.759998,38.529999,39.580002,38.862362,10839400
KR,2021-06-22,39.41,40.080002,39.25,39.830002,39.10783,9580600
KR,2021-06-23,39.810001,39.830002,39.18,39.189999,38.479427,5770500
KR,2021-06-24,39.16,39.450001,38.900002,39.150002,38.440159,5050900
KR,2021-06-25,39.150002,39.43,39.049999,39.209999,38.499069,5930000
KR,2021-06-28,39.07,39.419998,38.939999,39.360001,38.646351,5939600
KR,2021-06-29,39.349998,39.720001,38.779999,38.849998,38.145592,5575700
KR,2021-06-30,38.91,39.049999,38.169998,38.310001,37.615387,9055800
KR,2021-07-01,38.209999,38.529999,37.950001,38.130001,37.438656,5589700
KR,2021-07-02,38.259998,38.799999,38.259998,38.369999,37.674297,6047900
KR,2021-07-06,38.150002,38.150002,37.360001,37.41,36.731705,9161500
KR,2021-07-07,37.41,37.98,37.259998,37.639999,36.957531,4777900
KR,2021-07-08,37.450001,38.169998,37.439999,37.880001,37.193184,5706100
KR,2021-07-09,38.049999,38.450001,37.849998,38.27,37.576115,5033400
KR,2021-07-12,38.23,38.540001,38.110001,38.310001,37.615387,4392200
KR,2021-07-13,38.299999,38.599998,37.849998,38.07,37.379742,4576600
KR,2021-07-14,38.040001,38.599998,37.919998,38.32,37.625202,7317800
KR,2021-07-15,38.389999,39.02,38.389999,38.84,38.135777,11655100
KR,2021-07-16,38.900002,39.66,38.799999,39.360001,38.646351,8131500
KR,2021-07-19,39.32,41.189999,39.25,41.07,40.325344,13948100
KR,2021-07-20,41.009998,41.5,40.220001,40.57,39.834408,9975300
KR,2021-07-21,40.66,40.720001,40.02,40.110001,39.382751,5609800
KR,2021-07-22,40.0,40.009998,39.360001,39.73,39.00964,6523700
KR,2021-07-23,39.740002,39.91,39.43,39.889999,39.16674,4924400
KR,2021-07-26,39.939999,40.41,39.740002,39.790001,39.068554,4875800
KR,2021-07-27,39.689999,40.099998,39.48,40.029999,39.304203,4019400
KR,2021-07-28,40.0,40.18,39.740002,40.029999,39.304203,3897300
KR,2021-07-29,40.279999,41.02,40.049999,40.720001,39.981689,4962400
KR,2021-07-30,40.799999,41.950001,40.610001,40.700001,39.962055,9505400
KR,2021-08-02,40.75,41.139999,40.23,41.009998,40.26643,5233800
KR,2021-08-03,40.950001,42.75,40.830002,42.619999,41.847237,10302000
KR,2021-08-04,42.5,42.740002,41.790001,41.919998,41.159935,5364100
KR,2021-08-05,42.150002,42.439999,41.82,41.869999,41.110836,4246000
KR,2021-08-06,41.939999,42.18,41.560001,41.75,40.993011,4238000
KR,2021-08-09,41.849998,42.400002,41.73,42.279999,41.513405,4509900
KR,2021-08-10,42.360001,43.209999,42.209999,42.779999,42.004341,5590900
KR,2021-08-11,42.709999,43.169998,42.57,43.0,42.220352,5149600
KR,2021-08-12,42.919998,42.990002,42.529999,42.639999,42.072346,4293000
KR,2021-08-13,42.689999,42.98,42.509998,42.810001,42.240086,3587100
KR,2021-08-16,42.860001,43.509998,42.689999,43.450001,42.871563,5455400
KR,2021-08-17,43.75,45.580002,43.669998,45.439999,44.835072,14008600
KR,2021-08-18,45.240002,46.389999,45.130001,46.259998,45.644154,11777800
KR,2021-08-19,46.09,46.84,45.66,45.93,45.318546,11885500
KR,2021-08-20,45.959999,47.009998,45.709999,46.939999,46.315102,6685900
KR,2021-08-23,47.0,47.18,46.32,46.740002,46.117767,5802900
KR,2021-08-24,46.759998,46.93,45.630001,45.75,45.140945,6978400
KR,2021-08-25,45.75,46.32,45.540001,45.799999,45.190277,5368100
KR,2021-08-26,45.759998,45.799999,45.049999,45.169998,44.568661,7359100
KR,2021-08-27,45.189999,45.639999,44.93,45.490002,44.884407,3701300
KR,2021-08-30,45.52,46.619999,45.389999,46.200001,45.584953,5840800
KR,2021-08-31,46.290001,46.450001,45.630001,46.029999,45.417217,8581400
KR,2021-09-01,45.919998,46.040001,45.310001,45.740002,45.131077,6880400
KR,2021-09-02,45.990002,47.990002,45.860001,47.310001,46.68018,12094600
KR,2021-09-03,47.049999,47.240002,46.580002,46.650002,46.028965,5460300
KR,2021-09-07,46.75,46.790001,45.93,45.990002,45.377754,7705300
KR,2021-09-08,46.139999,46.919998,45.849998,46.290001,45.673759,8349000
KR,2021-09-09,46.049999,46.369999,45.209999,46.130001,45.515888,9825800
KR,2021-09-10,44.720001,44.860001,41.919998,42.669998,42.101948,25247300
KR,2021-09-13,42.799999,43.580002,42.639999,42.880001,42.309155,9335800
KR,2021-09-14,43.0,43.080002,41.610001,41.790001,41.233662,11345000
KR,2021-09-15,41.740002,42.240002,41.07,41.099998,40.552849,10541300
KR,2021-09-16,41.16,41.77,40.610001,40.869999,40.325909,10108200
KR,2021-09-17,40.75,41.41,40.650002,40.939999,40.394978,25839200
KR,2021-09-20,40.5,41.169998,40.16,40.41,39.872036,7950900
KR,2021-09-21,40.580002,40.950001,40.240002,40.450001,39.911503,6492900
KR,2021-09-22,40.68,40.700001,40.02,40.099998,39.566162,6155900
KR,2021-09-23,40.23,40.529999,39.860001,40.18,39.6451,7241600
KR,2021-09-24,40.240002,40.959999,39.950001,39.98,39.447758,7089900
KR,2021-09-27,40.0,41.049999,39.970001,40.189999,39.654961,7591200
KR,2021-09-28,40.299999,41.009998,40.220001,40.509998,39.970703,7734600
KR,2021-09-29,40.470001,41.639999,40.43,41.34,40.789654,8553600
KR,2021-09-30,41.400002,41.59,40.380001,40.43,39.891769,7756400
KR,2021-10-01,40.400002,40.43,38.990002,39.139999,38.618942,9587800
KR,2021-10-04,39.099998,39.720001,39.07,39.630001,39.102421,8508700
KR,2021-10-05,39.380001,40.029999,39.380001,39.880001,39.349094,7348000
KR,2021-10-06,39.950001,40.200001,38.990002,39.549999,39.023483,6908700
KR,2021-10-07,39.599998,40.049999,39.419998,39.5,38.974152,5631000
KR,2021-10-08,39.389999,39.810001,39.310001,39.470001,38.94455,4012300
KR,2021-10-11,39.43,40.029999,39.279999,39.580002,39.053089,4855100
KR,2021-10-12,39.68,40.389999,39.560001,39.830002,39.299759,5249500
KR,2021-10-13,40.169998,40.290001,39.34,39.470001,38.94455,4318600
KR,2021-10-14,39.439999,39.68,39.02,39.119999,38.599209,5872600
KR,2021-10-15,39.169998,39.459999,38.470001,38.59,38.076263,6922900
KR,2021-10-18,38.490002,39.349998,38.220001,39.209999,38.688007,7190600
KR,2021-10-19,39.209999,39.330002,38.279999,39.07,38.549873,5396200
KR,2021-10-20,39.23,39.630001,39.009998,39.32,38.796543,5366300
KR,2021-10-21,39.57,39.810001,39.150002,39.299999,38.77681,3970500
KR,2021-10-22,39.380001,40.259998,39.380001,40.23,39.694431,7945300
KR,2021-10-25,40.32,40.740002,40.080002,40.330002,39.793102,5515400
KR,2021-10-26,40.349998,40.369999,39.740002,39.959999,39.428028,4180800
KR,2021-10-27,40.299999,40.349998,39.450001,39.48,38.954418,3954300
KR,2021-10-28,39.419998,39.73,39.18,39.689999,39.161617,3857000
KR,2021-10-29,39.580002,40.380001,39.48,40.02,39.487228,6012500
KR,2021-11-01,40.139999,40.5,39.790001,40.450001,39.911503,5251500
KR,2021-11-02,40.75,41.32,40.16,40.700001,40.158176,5786400
KR,2021-11-03,41.279999,42.959999,41.209999,42.950001,42.37822,10831900
KR,2021-11-04,42.700001,43.490002,42.400002,43.419998,42.841961,7479600
KR,2021-11-05,43.459999,43.57,41.98,42.32,41.756607,6137100
KR,2021-11-08,42.209999,42.450001,41.380001,41.700001,41.144863,4899800
KR,2021-11-09,41.810001,42.27,41.630001,41.93,41.371799,3441200
KR,2021-11-10,41.900002,42.5,41.630001,42.470001,41.90461,3977900
KR,2021-11-11,42.419998,42.75,42.080002,42.27,41.707275,4817100
KR,2021-11-12,42.099998,42.720001,41.900002,42.43,42.074169,3677900
KR,2021-11-15,42.43,42.900002,42.209999,42.66,42.302242,4050700
KR,2021-11-16,42.259998,42.34,41.5,41.689999,41.340374,6231100
KR,2021-11-17,41.630001,41.669998,40.59,40.650002,40.309097,10087200
KR,2021-11-18,40.779999,41.529999,40.650002,41.400002,41.052807,4352100
KR,2021-11-19,41.509998,41.889999,40.75,40.889999,40.547085,7030800
KR,2021-11-22,41.220001,43.080002,41.16,42.860001,42.500565,6711900
KR,2021-11-23,42.779999,43.380001,42.41,43.060001,42.698887,5141900
KR,2021-11-24,43.060001,43.07,42.299999,42.540001,42.183247,4706900
KR,2021-11-26,42.5,43.970001,42.5,43.139999,42.778214,7507200
KR,2021-11-29,42.810001,43.380001,42.32,42.349998,41.994839,5960000
KR,2021-11-30,42.169998,42.740002,41.380001,41.529999,41.181717,13103900
KR,2021-12-01,41.529999,41.779999,40.18,40.209999,39.872784,8936400
KR,2021-12-02,42.459999,45.68,41.73,44.650002,44.275551,26027500
KR,2021-12-03,45.0,45.119999,42.939999,43.43,43.065784,12398500
KR,2021-12-06,43.889999,45.580002,43.549999,45.110001,44.731693,10308200
KR,2021-12-07,45.080002,45.650002,44.900002,45.07,44.692032,6616200
KR,2021-12-08,45.07,45.59,42.09,42.810001,42.450985,18433300
KR,2021-12-09,42.91,43.830002,42.889999,43.68,43.313686,8312900
KR,2021-12-10,43.650002,44.68,43.459999,44.599998,44.225971,7090000
KR,2021-12-13,44.389999,45.970001,44.209999,45.630001,45.247334,8903600
KR,2021-12-14,45.639999,46.919998,45.029999,45.580002,45.197754,6991500
KR,2021-12-15,45.77,46.470001,45.639999,46.220001,45.83239,9058300
KR,2021-12-16,46.09,46.220001,45.450001,45.91,45.524986,9585300
KR,2021-12-17,45.860001,47.040001,44.77,44.790001,44.414379,13750500
KR,2021-12-20,44.790001,45.950001,44.709999,45.509998,45.128338,10286000
KR,2021-12-21,45.23,45.689999,43.599998,43.869999,43.502094,10436600
KR,2021-12-22,43.919998,44.220001,43.02,43.52,43.155029,6016000
KR,2021-12-23,43.490002,43.77,43.18,43.209999,42.847626,4115600
KR,2021-12-27,43.310001,43.799999,43.040001,43.740002,43.373184,3772400
KR,2021-12-28,43.790001,44.439999,43.740002,44.419998,44.047478,5230600
KR,2021-12-29,44.5,44.880001,44.299999,44.709999,44.335049,3985300
KR,2021-12-30,45.27,45.630001,44.669998,45.139999,44.761444,4571900
KR,2021-12-31,45.110001,45.700001,45.110001,45.259998,44.880432,4755500
KR,2022-01-03,44.91,45.220001,44.52,45.189999,44.81102,6024700
KR,2022-01-04,45.18,46.330002,45.099998,46.169998,45.782803,10378100
KR,2022-01-05,46.32,47.540001,46.279999,46.810001,46.417439,8367700
KR,2022-01-06,47.02,47.43,46.349998,47.119999,46.724838,7115600
KR,2022-01-07,47.25,48.889999,47.139999,48.119999,47.71645,8672700
KR,2022-01-10,48.290001,49.580002,48.150002,49.099998,48.688229,10633500
KR,2022-01-11,49.110001,49.689999,47.330002,47.709999,47.309891,8873500
KR,2022-01-12,47.049999,47.27,46.169998,47.139999,46.744667,6787000
KR,2022-01-13,47.259998,50.150002,47.150002,49.48,49.065044,12665700
KR,2022-01-14,49.389999,49.91,48.650002,49.119999,48.708065,7060700
KR,2022-01-18,48.919998,49.110001,48.279999,48.59,48.18251,7173100
KR,2022-01-19,48.700001,49.080002,48.060001,48.580002,48.172596,4956300
KR,2022-01-20,48.560001,48.84,47.110001,47.27,46.873581,7489900
KR,2022-01-21,47.529999,47.759998,46.82,46.919998,46.526512,5832900
KR,2022-01-24,47.029999,48.43,46.790001,47.720001,47.319809,8880200
KR,2022-01-25,46.299999,46.869999,45.049999,45.080002,44.70195,9981100
KR,2022-01-26,45.040001,45.330002,44.18,44.380001,44.007816,9921800
KR,2022-01-27,44.540001,45.560001,44.540001,45.400002,45.01926,6770500
KR,2022-01-28,43.630001,44.16,42.889999,43.470001,43.10545,10170300
KR,2022-01-31,43.279999,43.810001,42.700001,43.59,43.224442,6861900
KR,2022-02-01,43.5,44.369999,43.150002,44.130001,43.759914,5870600
KR,2022-02-02,44.02,44.470001,43.380001,44.099998,43.730164,7003600
KR,2022-02-03,44.07,45.349998,44.060001,45.110001,44.731693,5855200
KR,2022-02-04,44.990002,45.139999,44.310001,44.77,44.394547,5992800
KR,2022-02-07,45.02,45.240002,44.169998,44.669998,44.295383,5049300
KR,2022-02-08,44.849998,45.84,44.639999,45.5,45.118423,5041000
KR,2022-02-09,45.290001,45.669998,44.939999,45.150002,44.771362,3874000
KR,2022-02-10,45.290001,45.619999,44.849998,45.169998,44.791187,4799300
KR,2022-02-11,45.450001,46.669998,45.34,46.27,45.881966,6226600
KR,2022-02-14,45.990002,46.18,44.709999,45.689999,45.513397,5799700
KR,2022-02-15,45.779999,46.630001,45.310001,46.41,46.230614,5780600
KR,2022-02-16,46.23,46.91,44.259998,44.57,44.397724,8416000
KR,2022-02-17,44.349998,45.669998,44.349998,45.23,45.055176,11145200
KR,2022-02-18,45.099998,45.689999,44.919998,45.59,45.413784,4525000
KR,2022-02-22,45.450001,45.849998,44.830002,45.040001,44.86591,5229800
KR,2022-02-23,45.25,45.389999,44.400002,44.529999,44.35788,4070900
KR,2022-02-24,44.439999,45.310001,43.139999,44.439999,44.268227,6877700
KR,2022-02-25,45.5,46.650002,45.0,46.459999,46.280418,6691400
KR,2022-02-28,45.759998,47.169998,45.759998,46.799999,46.619106,8712800
KR,2022-03-01,48.119999,48.75,47.43,48.349998,48.163113,12129700
KR,2022-03-02,48.09,49.490002,48.09,49.369999,49.179173,9920000
KR,2022-03-03,52.25,55.5,52.25,55.099998,54.887024,27439600
KR,2022-03-04,54.279999,58.98,54.209999,58.939999,58.712181,21597500
KR,2022-03-07,58.439999,62.580002,57.259998,57.82,57.596512,23454400
KR,2022-03-08,57.380001,58.84,55.66,55.709999,55.494667,10915700
KR,2022-03-09,55.099998,56.049999,54.470001,55.34,55.126099,10180400
KR,2022-03-10,55.790001,57.400002,55.200001,57.09,56.869335,9926500
KR,2022-03-11,56.5,57.490002,55.860001,55.889999,55.673969,5621000
KR,2022-03-14,55.59,55.889999,54.279999,55.419998,55.205788,5524100
KR,2022-03-15,55.740002,56.23,54.66,56.189999,55.972809,6127900
KR,2022-03-16,55.860001,56.75,54.419998,54.990002,54.777451,7093200
KR,2022-03-17,55.349998,56.189999,54.689999,55.66,55.444862,5364800
KR,2022-03-18,55.77,56.389999,55.16,55.82,55.60424,9908000
KR,2022-03-21,55.98,57.610001,55.619999,55.68,55.464783,6458600
KR,2022-03-22,56.0,56.799999,55.130001,56.57,56.351341,7006000
KR,2022-03-23,56.740002,57.200001,56.169998,56.450001,56.231808,5209300
KR,2022-03-24,56.599998,57.880001,56.419998,56.75,56.530647,8267000
KR,2022-03-25,56.619999,57.369999,56.490002,57.0,56.779682,5090400
KR,2022-03-28,56.990002,57.450001,56.619999,57.0,56.779682,5879100
KR,2022-03-29,56.950001,57.25,54.889999,56.389999,56.172039,9428400
KR,2022-03-30,56.259998,56.77,56.029999,56.369999,56.152115,4083700
KR,2022-03-31,56.349998,57.939999,56.310001,57.369999,57.148251,8476600
KR,2022-04-01,57.5,57.880001,56.619999,57.48,57.257824,4232100
KR,2022-04-04,57.599998,58.950001,57.080002,57.439999,57.217979,4999900
KR,2022-04-05,57.470001,59.130001,57.299999,57.650002,57.42717,5848300
KR,2022-04-06,57.599998,59.150002,57.279999,58.73,58.502995,7514500
KR,2022-04-07,59.060001,60.290001,58.799999,59.880001,59.648552,6436400
KR,2022-04-08,62.0,62.779999,61.119999,61.669998,61.431629,10513400
KR,2022-04-11,61.939999,62.349998,60.450001,60.650002,60.415573,4893700
KR,2022-04-12,59.98,60.029999,58.389999,58.75,58.522919,8529700
KR,2022-04-13,58.5,58.950001,57.630001,58.34,58.114502,6504500
KR,2022-04-14,58.459999,59.130001,58.200001,58.32,58.094578,5301300
KR,2022-04-18,57.91,58.59,57.610001,57.82,57.596512,3172800
KR,2022-04-19,58.0,58.400002,57.549999,57.790001,57.566628,5372200
KR,2022-04-20,58.0,58.299999,57.369999,57.700001,57.476974,6986500
KR,2022-04-21,57.509998,58.700001,57.279999,58.18,57.95512,5673200
KR,2022-04-22,58.810001,58.970001,56.98,57.0,56.779682,5586700
KR,2022-04-25,56.93,57.240002,55.84,56.689999,56.470879,7862600
KR,2022-04-26,56.610001,56.779999,55.48,55.720001,55.504631,5848800
KR,2022-04-27,56.080002,56.310001,55.23,55.580002,55.365173,5304200
KR,2022-04-28,55.639999,55.77,55.099998,55.490002,55.27552,4921800
KR,2022-04-29,55.77,55.950001,53.790001,53.959999,53.751431,6856400
KR,2022-05-02,54.650002,54.880001,53.220001,53.720001,53.51236,7232700
KR,2022-05-03,54.279999,55.27,53.73,54.790001,54.578224,6058400
KR,2022-05-04,54.25,55.98,54.25,55.77,55.554436,6979500
KR,2022-05-05,55.07,55.310001,53.389999,53.849998,53.641853,7047200
KR,2022-05-06,53.650002,55.150002,53.380001,53.849998,53.641853,5087800
KR,2022-05-09,53.43,55.0,53.139999,54.84,54.628029,6677800
KR,2022-05-10,54.66,55.259998,54.419998,55.189999,54.976677,6505200
KR,2022-05-11,55.439999,55.830002,54.080002,54.330002,54.120003,6442100
KR,2022-05-12,55.060001,55.790001,53.98,54.220001,54.220001,4666100
KR,2022-05-13,54.509998,54.700001,53.259998,53.389999,53.389999,5355900
KR,2022-05-16,53.869999,54.040001,52.650002,53.200001,53.200001,4692300
KR,2022-05-17,52.369999,52.369999,50.759998,51.23,51.23,11792100
KR,2022-05-18,49.619999,49.869999,47.349998,47.900002,47.900002,10326900
KR,2022-05-19,47.490002,48.560001,46.790001,48.0,48.0,9137900
KR,2022-05-20,48.299999,49.110001,47.66,48.66,48.66,8053000
KR,2022-05-23,48.66,50.82,48.5,50.220001,50.220001,6268200
KR,2022-05-24,49.790001,51.52,49.650002,51.509998,51.509998,5993900
KR,2022-05-25,51.330002,51.619999,50.34,51.16,51.16,6797000
KR,2022-05-26,52.150002,52.580002,51.82,52.139999,52.139999,5866700
KR,2022-05-27,51.93,53.209999,51.73,52.959999,52.959999,6215600
KR,2022-05-31,52.619999,53.470001,52.330002,52.970001,52.970001,18085900
KR,2022-06-01,53.349998,53.349998,50.73,51.349998,51.349998,6045300
KR,2022-06-02,51.639999,52.900002,51.439999,52.880001,52.880001,4563300
KR,2022-06-03,53.060001,53.380001,52.459999,52.540001,52.540001,3623100
KR,2022-06-06,52.93,52.98,52.139999,52.150002,52.150002,3421100
KR,2022-06-07,51.349998,52.07,51.119999,52.029999,52.029999,3389500
KR,2022-06-08,52.240002,52.27,51.169998,51.220001,51.220001,4051200
KR,2022-06-09,51.080002,51.759998,50.389999,50.43,50.43,3876700
KR,2022-06-10,50.139999,51.490002,50.0,51.09,51.09,4839900
KR,2022-06-13,50.57,51.029999,50.110001,50.330002,50.330002,5447400
KR,2022-06-14,50.450001,51.119999,50.099998,50.389999,50.389999,5567500
KR,2022-06-15,50.630001,51.490002,50.389999,50.880001,50.880001,6151700
KR,2022-06-16,48.34,50.75,48.330002,50.480099,50.480099,7962447
BROS,2021-09-15,32.5,40.099998,32.419998,36.68,36.68,15620700
BROS,2021-09-16,42.404999,52.0,40.5,48.0,48.0,12215800
BROS,2021-09-17,48.66,54.389999,42.0,43.549999,43.549999,10074500
BROS,2021-09-20,42.259998,52.0,41.099998,51.560001,51.560001,4818000
BROS,2021-09-21,51.810001,62.0,47.389999,54.889999,54.889999,10088500
BROS,2021-09-22,56.400002,59.25,49.310001,50.880001,50.880001,5088700
BROS,2021-09-23,52.247002,54.900002,50.029999,52.009998,52.009998,1952900
BROS,2021-09-24,52.93,54.689999,50.130001,52.889999,52.889999,1853400
BROS,2021-09-27,52.799999,53.438,47.34,47.450001,47.450001,3525000
BROS,2021-09-28,47.0,47.348999,42.84,43.900002,43.900002,3578800
BROS,2021-09-29,45.0,48.369999,43.75,44.950001,44.950001,2319900
BROS,2021-09-30,45.240002,45.34,41.48,43.32,43.32,2152200
BROS,2021-10-01,43.75,46.799999,42.82,46.060001,46.060001,2133900
BROS,2021-10-04,45.860001,47.919998,44.474998,44.970001,44.970001,1250200
BROS,2021-10-05,45.0,45.299999,42.349998,43.07,43.07,1594700
BROS,2021-10-06,42.400002,43.5,41.32,41.689999,41.689999,1442200
BROS,2021-10-07,42.310001,44.779999,42.099998,42.82,42.82,1069300
BROS,2021-10-08,43.41,43.5,42.5,42.650002,42.650002,448200
BROS,2021-10-11,43.5,50.25,43.5,49.0,49.0,4044100
BROS,2021-10-12,48.27,49.900002,46.849998,47.720001,47.720001,1959300
BROS,2021-10-13,48.169998,52.099998,47.869999,50.900002,50.900002,2769900
BROS,2021-10-14,51.689999,55.869999,51.25,53.0,53.0,2573400
BROS,2021-10-15,54.889999,56.869999,51.619999,53.029999,53.029999,2599500
BROS,2021-10-18,53.200001,59.07,53.0,57.349998,57.349998,2723200
BROS,2021-10-19,58.950001,65.800003,57.755001,64.730003,64.730003,5039400
BROS,2021-10-20,65.879997,67.290001,59.400002,61.419998,61.419998,3641800
BROS,2021-10-21,61.110001,64.739998,59.25,60.580002,60.580002,2100300
BROS,2021-10-22,60.830002,69.540001,60.509998,68.860001,68.860001,3742800
BROS,2021-10-25,69.5,72.5,64.519997,66.940002,66.940002,3054500
BROS,2021-10-26,68.0,72.059998,67.001999,70.410004,70.410004,2239300
BROS,2021-10-27,70.660004,70.689003,67.099998,67.870003,67.870003,1385500
BROS,2021-10-28,68.699997,74.199997,68.5,68.980003,68.980003,2159600
BROS,2021-10-29,69.239998,76.769997,69.099998,76.239998,76.239998,2360600
BROS,2021-11-01,77.5,81.400002,73.75,76.25,76.25,3080600
BROS,2021-11-02,77.260002,77.75,69.019997,71.599998,71.599998,2893000
BROS,2021-11-03,71.599998,72.554001,66.668999,67.779999,67.779999,2215700
BROS,2021-11-04,67.779999,71.75,67.540001,69.709999,69.709999,1622300
BROS,2021-11-05,70.739998,71.0,64.099998,67.980003,67.980003,2290100
BROS,2021-11-08,67.699997,70.050003,65.800003,67.800003,67.800003,1279500
BROS,2021-11-09,67.980003,68.334,62.779999,64.580002,64.580002,1713600
BROS,2021-11-10,62.720001,66.0,60.610001,62.299999,62.299999,2219700
BROS,2021-11-11,68.650002,72.589996,62.310001,66.0,66.0,4614800
BROS,2021-11-12,66.279999,66.510002,61.259998,62.060001,62.060001,2538100
BROS,2021-11-15,63.490002,63.805,60.849998,62.560001,62.560001,2034000
BROS,2021-11-16,61.93,62.439999,57.900002,60.540001,60.540001,3288700
BROS,2021-11-17,59.5,59.799999,55.669998,56.860001,56.860001,3550400
BROS,2021-11-18,57.139999,57.400002,53.810001,53.970001,53.970001,2569700
BROS,2021-11-19,53.57,55.48,52.185001,54.990002,54.990002,2116100
BROS,2021-11-22,55.799999,56.200001,49.84,51.279999,51.279999,2186200
BROS,2021-11-23,51.830002,54.099998,50.271,52.16,52.16,1850900
BROS,2021-11-24,51.5,54.98,51.200001,54.080002,54.080002,1363800
BROS,2021-11-26,52.200001,54.689999,50.785,54.27,54.27,978900
BROS,2021-11-29,55.099998,55.75,50.77,52.869999,52.869999,1642300
BROS,2021-11-30,52.009998,53.395,49.259998,52.84,52.84,2699500
BROS,2021-12-01,52.330002,54.990002,47.049999,48.060001,48.060001,3148600
BROS,2021-12-02,48.470001,49.740002,46.25,48.27,48.27,1915500
BROS,2021-12-03,48.75,49.32,44.0,46.389999,46.389999,2886000
BROS,2021-12-06,44.959999,47.549999,43.799999,46.200001,46.200001,1906100
BROS,2021-12-07,47.73,51.27,47.73,50.32,50.32,1483300
BROS,2021-12-08,50.25,53.599998,49.59,51.689999,51.689999,1365700
BROS,2021-12-09,51.200001,52.18,50.27,50.349998,50.349998,785700
BROS,2021-12-10,50.290001,51.98,49.400002,50.299999,50.299999,1421400
BROS,2021-12-13,50.0,50.990002,47.139999,48.439999,48.439999,1292800
BROS,2021-12-14,47.169998,50.259998,47.034,49.689999,49.689999,1111400
BROS,2021-12-15,47.459999,49.119999,45.02,48.639999,48.639999,2158600
BROS,2021-12-16,49.310001,52.43,45.939999,47.209999,47.209999,1363200
BROS,2021-12-17,45.599998,48.615002,43.549999,48.040001,48.040001,3032300
BROS,2021-12-20,47.0,48.469002,46.200001,48.200001,48.200001,788500
BROS,2021-12-21,49.77,50.700001,48.049999,49.139999,49.139999,1116000
BROS,2021-12-22,49.43,49.779999,47.25,49.130001,49.130001,632800
BROS,2021-12-23,49.48,54.290001,48.900002,52.849998,52.849998,1571000
BROS,2021-12-27,53.200001,55.48,51.5,53.669998,53.669998,1060600
BROS,2021-12-28,53.25,55.240002,50.200001,50.439999,50.439999,1245500
BROS,2021-12-29,50.599998,52.459999,49.049999,52.240002,52.240002,747400
BROS,2021-12-30,52.220001,54.799999,52.049999,52.139999,52.139999,887200
BROS,2021-12-31,52.150002,52.66,50.68,50.91,50.91,527000
BROS,2022-01-03,51.470001,52.990002,49.25,52.419998,52.419998,639400
BROS,2022-01-04,52.799999,53.799999,49.34,50.919998,50.919998,956000
BROS,2022-01-05,50.509998,50.93,45.824001,46.450001,46.450001,1836900
BROS,2022-01-06,46.049999,47.659,44.75,46.630001,46.630001,1174400
BROS,2022-01-07,46.75,47.990002,45.02,46.470001,46.470001,806800
BROS,2022-01-10,45.700001,47.939999,42.380001,47.810001,47.810001,2281500
BROS,2022-01-11,48.32,50.91,46.784,50.209999,50.209999,3868900
BROS,2022-01-12,50.5,50.669998,45.919998,45.990002,45.990002,2930000
BROS,2022-01-13,46.970001,47.0,44.389999,45.880001,45.880001,2054700
BROS,2022-01-14,45.669998,46.700001,44.110001,45.169998,45.169998,1841200
BROS,2022-01-18,44.439999,46.459999,42.889999,43.869999,43.869999,2068700
BROS,2022-01-19,43.560001,44.594002,40.139999,41.57,41.57,3562600
BROS,2022-01-20,42.099998,44.75,41.849998,42.0,42.0,1852800
BROS,2022-01-21,41.360001,43.540001,40.049999,41.310001,41.310001,1772000
BROS,2022-01-24,40.0,45.52,38.110001,45.509998,45.509998,2989300
BROS,2022-01-25,45.630001,49.98,43.560001,48.91,48.91,3728300
BROS,2022-01-26,49.919998,52.119999,47.560001,48.849998,48.849998,2117100
BROS,2022-01-27,49.0,50.509998,47.029999,47.990002,47.990002,1415800
BROS,2022-01-28,47.5,49.560001,45.59,47.52,47.52,1717800
BROS,2022-01-31,47.740002,52.48,47.509998,52.150002,52.150002,2304000
BROS,2022-02-01,52.02,59.709999,51.299999,58.41,58.41,5480000
BROS,2022-02-02,56.919998,59.368,54.509998,56.290001,56.290001,2409500
BROS,2022-02-03,54.5,58.900002,53.09,54.75,54.75,1827000
BROS,2022-02-04,55.700001,57.990002,54.25,57.740002,57.740002,1995400
BROS,2022-02-07,58.599998,63.200001,55.290001,56.349998,56.349998,4429200
BROS,2022-02-08,56.810001,58.919998,54.060001,58.5,58.5,1822400
BROS,2022-02-09,59.93,60.0,56.209999,58.639999,58.639999,1778600
BROS,2022-02-10,57.290001,60.279999,54.330002,56.049999,56.049999,2432300
BROS,2022-02-11,56.0,56.5,50.860001,51.790001,51.790001,2517900
BROS,2022-02-14,51.5,53.650002,50.450001,51.279999,51.279999,1148000
BROS,2022-02-15,52.48,53.689999,51.610001,53.52,53.52,959100
BROS,2022-02-16,53.5,55.349998,52.112,53.66,53.66,1112200
BROS,2022-02-17,52.939999,53.889999,50.02,50.02,50.02,869300
BROS,2022-02-18,50.799999,51.869999,48.77,50.66,50.66,1043300
BROS,2022-02-22,49.0,52.27,48.009998,48.16,48.16,1021500
BROS,2022-02-23,49.009998,49.720001,44.549999,44.990002,44.990002,2187800
BROS,2022-02-24,43.200001,48.73,42.84,48.720001,48.720001,1669700
BROS,2022-02-25,48.529999,48.529999,45.779999,47.25,47.25,1128700
BROS,2022-02-28,47.0,49.25,46.240002,48.209999,48.209999,1325500
BROS,2022-03-01,49.110001,49.397999,46.18,47.52,47.52,3063900
BROS,2022-03-02,46.099998,46.810001,44.009998,44.220001,44.220001,2953100
BROS,2022-03-03,44.900002,47.869999,43.349998,45.889999,45.889999,3783200
BROS,2022-03-04,45.990002,51.040001,45.32,49.369999,49.369999,2930400
BROS,2022-03-07,48.950001,49.040001,44.900002,45.110001,45.110001,1802500
BROS,2022-03-08,45.34,48.98,43.5,47.48,47.48,1714700
BROS,2022-03-09,48.400002,52.299999,48.040001,50.810001,50.810001,2090300
BROS,2022-03-10,49.5,53.380001,48.34,52.970001,52.970001,1408700
BROS,2022-03-11,51.59,52.009998,47.810001,48.799999,48.799999,3101200
BROS,2022-03-14,47.799999,49.75,46.5,48.279999,48.279999,1575000
BROS,2022-03-15,47.25,50.139999,47.0,49.41,49.41,1303700
BROS,2022-03-16,50.540001,52.200001,49.310001,51.580002,51.580002,1688300
BROS,2022-03-17,51.490002,57.490002,50.799999,57.259998,57.259998,3035600
BROS,2022-03-18,56.849998,60.0,56.300999,58.540001,58.540001,2922800
BROS,2022-03-21,58.18,59.380001,56.799999,58.900002,58.900002,1387700
BROS,2022-03-22,59.130001,62.009998,59.130001,59.369999,59.369999,2270000
BROS,2022-03-23,59.16,59.240002,55.040001,56.900002,56.900002,1532500
BROS,2022-03-24,57.07,59.189999,56.450001,57.77,57.77,1037900
BROS,2022-03-25,58.0,58.380001,53.709999,54.919998,54.919998,1438000
BROS,2022-03-28,55.110001,57.049999,53.57,55.849998,55.849998,1170500
BROS,2022-03-29,56.689999,64.93,56.080002,62.77,62.77,4884100
BROS,2022-03-30,63.0,66.0,61.27,61.919998,61.919998,4269900
BROS,2022-03-31,62.5,63.544998,55.130001,55.27,55.27,3932800
BROS,2022-04-01,56.43,57.75,54.5,56.830002,56.830002,2402200
BROS,2022-04-04,56.799999,58.694,54.75,57.650002,57.650002,1830700
BROS,2022-04-05,57.52,57.740002,52.66,53.509998,53.509998,2507400
BROS,2022-04-06,52.0,52.950001,50.5,52.150002,52.150002,1940800
BROS,2022-04-07,52.169998,52.950001,49.279999,52.040001,52.040001,1616200
BROS,2022-04-08,51.610001,51.849998,49.75,50.57,50.57,956800
BROS,2022-04-11,49.099998,52.48,49.0,52.310001,52.310001,1043400
BROS,2022-04-12,52.540001,54.5,51.099998,51.16,51.16,1729700
BROS,2022-04-13,51.509998,53.240002,50.349998,52.119999,52.119999,1806000
BROS,2022-04-14,52.209999,53.382999,51.75,52.990002,52.990002,802200
BROS,2022-04-18,53.0,53.759998,51.009998,53.720001,53.720001,692600
BROS,2022-04-19,53.5,57.099998,53.099998,55.549999,55.549999,1589400
BROS,2022-04-20,55.630001,56.178001,54.099998,54.299999,54.299999,789800
BROS,2022-04-21,54.880001,55.889999,52.029999,52.07,52.07,949200
BROS,2022-04-22,52.439999,52.880001,50.189999,51.189999,51.189999,689200
BROS,2022-04-25,50.799999,53.209,50.049999,52.779999,52.779999,603100
BROS,2022-04-26,52.400002,52.604,45.825001,46.889999,46.889999,2606000
BROS,2022-04-27,47.610001,48.77,46.5,47.0,47.0,1175700
BROS,2022-04-28,48.049999,49.150002,46.0,48.139999,48.139999,1239300
BROS,2022-04-29,47.82,49.990002,47.389999,47.77,47.77,581600
BROS,2022-05-02,47.799999,49.360001,46.435001,49.25,49.25,877800
BROS,2022-05-03,49.380001,49.400002,47.110001,47.380001,47.380001,851400
BROS,2022-05-04,48.299999,49.330002,45.610001,49.16,49.16,1173600
BROS,2022-05-05,48.130001,49.279999,45.220001,45.740002,45.740002,1328500
BROS,2022-05-06,45.02,47.299999,43.599998,45.560001,45.560001,1643600
BROS,2022-05-09,44.720001,44.720001,41.080002,41.080002,41.080002,2604200
BROS,2022-05-10,42.200001,42.720001,39.25,40.799999,40.799999,1972700
BROS,2022-05-11,40.0,40.48,34.07,34.369999,34.369999,7713100
BROS,2022-05-12,22.74,26.07,20.049999,25.110001,25.110001,24331100
BROS,2022-05-13,26.549999,28.299999,25.950001,27.0,27.0,5340000
BROS,2022-05-16,27.5,27.83,25.01,25.5,25.5,2530200
BROS,2022-05-17,26.610001,27.049999,24.73,26.4,26.4,2674200
BROS,2022-05-18,26.02,27.139999,24.809999,25.610001,25.610001,1972000
BROS,2022-05-19,26.42,28.333,26.08,26.99,26.99,2655600
BROS,2022-05-20,27.549999,28.030001,26.110001,27.75,27.75,1786700
BROS,2022-05-23,28.35,31.969999,28.030001,31.83,31.83,2704400
BROS,2022-05-24,31.295,31.295,28.51,30.24,30.24,1358800
BROS,2022-05-25,30.389999,31.169001,29.811001,30.799999,30.799999,1104000
BROS,2022-05-26,31.09,37.980999,30.950001,35.720001,35.720001,3251400
BROS,2022-05-27,35.75,39.990002,35.75,37.360001,37.360001,2109100
BROS,2022-05-31,37.5,38.736,36.360001,37.549999,37.549999,1584900
BROS,2022-06-01,37.470001,39.939999,36.022999,39.849998,39.849998,1454900
BROS,2022-06-02,39.490002,42.429001,39.196999,39.98,39.98,1560000
BROS,2022-06-03,39.66,41.959999,38.349998,41.709999,41.709999,1027200
BROS,2022-06-06,42.380001,43.490002,41.310001,41.700001,41.700001,1170900
BROS,2022-06-07,41.200001,42.66,40.060001,40.259998,40.259998,1233000
BROS,2022-06-08,38.330002,39.646999,37.119999,39.25,39.25,1747100
BROS,2022-06-09,38.32,40.59,37.611,39.16,39.16,1177700
BROS,2022-06-10,37.700001,37.950001,34.130001,34.400002,34.400002,1650400
BROS,2022-06-13,32.779999,33.84,30.280001,33.110001,33.110001,1747100
BROS,2022-06-14,33.150002,34.324001,32.380001,33.41,33.41,1094700
BROS,2022-06-15,33.950001,35.689999,32.650002,34.169998,34.169998,1501400
BROS,2022-06-16,32.369999,34.149899,30.780001,33.605,33.605,1591084
